38734,0001183c-2089-48e9-96b7-d48db5f1a611
77677,000983fe-d3c1-4e66-aecf-bd207d1afa09
34172,000b5d62-21ac-470a-b16f-40f35f4c5bfe
46553,000f87d6-92fe-434d-ac76-da6ad9286acf
85138,0015dc62-5b46-469a-8138-e32a043e60f9
30318,00171d76-68e9-4135-8c2b-d645deebeb82
52441,00175cdf-dc95-4eb9-aa41-4c9c86088d65
107659,001a2289-ad1a-4544-b1d8-3465dbb14a86
40882,001c5f74-c18f-4ab5-9cd6-a46455932934
104823,001f4bb7-d544-4e5a-8efc-2abc012f4e09
32520,00204d60-d5c8-486d-9dbc-868a91d27612
34220,00251b0a-d30f-4433-b20c-33eb76449f92
86341,0025e816-e52c-47da-88fe-fdd5a5170299
76074,002835a6-c7e5-4ec2-a907-dbe32117b104
119751,002871dd-5d07-4204-a6fd-a33a44af2630
96167,00293f4b-8ccc-4f65-95ef-b1a0c32d5ac8
31499,002a8f9e-b2e1-4841-8745-bd3d66f252e6
100421,003849a4-e249-4399-a199-34786b8ff91f
38566,003876eb-1b3e-4bed-a18d-a6ea486848ba
110936,0039eb9b-f6ee-408f-875f-7c5380232861
116955,003b5f82-1f80-4775-bef2-d5c5bc81f3c9
39123,003e1cfd-b4f9-4d66-9080-34455ac19a96
53627,003e7fbf-f047-4783-a7df-1533a2a653d4
116671,00446151-d199-45d6-8671-821db1151e6c
30927,0046506d-6805-4476-879c-5b398a84ac68
109399,005143c6-d844-4e51-bd68-625cd66242c1
103816,0051e50a-e30c-4bb2-b378-c3da82463ee1
67489,0056e7a5-33fc-4aa3-97e1-6a74170c7f50
98086,00575427-0dcd-4905-b764-16f3aea8bfe4
61301,0059301b-9aa5-4dbe-98a0-a1cdde873332
77859,005b434a-f5ba-49cc-8a97-549ae4a386c6
97764,005bf9d0-afcf-4fd6-b422-3c4393ef8c23
32308,005ff962-889d-4614-82b1-630ff97e846e
74369,0069d76b-26ee-4656-a1bf-938110bca4b2
98185,006a499e-cb23-42eb-bb60-d6ad8b4bd427
35767,00710da8-d320-42e5-a76d-fa0fae6017cc
30615,00719812-4db7-4a62-bd47-f91c7b2fb86c
45313,007250a2-6dec-4349-bf54-61c62581a779
100035,007ececa-e5d1-471d-9f16-a21a73481164
115218,00861d20-cb93-48d3-8130-9a9a46660ffc
98334,00893d86-c910-4247-b5cb-a2a0e0380012
107504,008cda8e-2c41-4c89-8c97-62bd17af0fdf
52598,00904334-01f1-4174-a81e-9170c9f54b97
90848,009917c4-ae35-4cee-b83e-47ba28f1bbcd
62017,009a2f1f-666e-43f2-b424-782daf5a00c8
85529,009b6788-48f3-4e78-975c-097f54def7ab
121471,009bd26f-23b2-4f6e-9ed9-ba49391c49e8
119267,009c62ce-6064-4409-9949-4f00ba6d593c
37096,00a2a2fe-c93d-4950-9ed4-9ebdd84b1fdd
105131,00a82fcc-997d-4139-9d2c-8935628199c5
122118,00af0a04-1535-4f25-85b6-7d1b119dc48d
78341,00b07667-f12a-4bfc-b6c5-208b2e003a98
86501,00b5305f-7770-4338-8e61-9871e57e3193
118848,00b64b8f-cb7e-4322-9855-3669fe210ac7
33966,00ba6332-cfd9-418c-a515-eb3a54cb7292
101207,00bda9c9-f057-4e0e-9b3a-875489529a4d
48844,00c180d6-669c-444d-a515-93463250ff61
109462,00c184ee-2e8c-4ec6-b16d-18651ecb7361
104316,00c3a0cd-2fd7-4058-bbab-21d07e0b509f
40887,00c6fa3a-b8fa-4120-a5ba-5fef268228f5
30037,00c76090-a70f-4d96-a663-00c2e088ba16
62093,00cbf0db-2caa-4995-9bf5-570b6ff78eef
31175,00cf4464-60fd-49f8-97df-86c595acb45d
31994,00da3ad0-bd2d-4cc2-850c-4e61561cd176
48774,00e785b5-3a79-42fa-9d8d-8e63eb1167ab
94916,00e9b9b9-7c2a-4347-8b03-cebfa6f366a9
96963,00eab497-5360-4a3f-b616-093c79b809c4
39700,00eb5a40-9d63-44b1-9227-d0718ea8a795
91725,00f5732b-8af2-4c5a-b2bb-e42bd8b25be5
38882,00f84604-101c-4aea-96ea-ecf85d8ffa68
46251,0107ccdf-3b90-454d-9773-f0ebbada147a
47756,010a2252-bdc9-4cd4-bbcd-603cc9c3c6b2
86655,010a8606-ab4f-4e3e-82ce-17f19b02f262
86136,010a8ee8-847b-44dd-a269-9ac472e9f91a
102896,010d7f0d-c095-406f-ab2b-03ed8a5d2125
72721,010db7f3-385a-467c-afdc-1223989d23f3
67585,0110603c-92ec-463e-8d13-7651211e492e
98256,011781ed-ecda-4c75-b0b3-ea6b59bb27cb
102956,01194baf-f5c3-4258-9639-3f6b9c1b6678
40938,011a0e55-4e70-4280-8544-5426101e6ad8
49137,011a1ddc-8b09-44d1-ac5d-ab11226e6c49
97127,0123dd7a-8fb9-4004-a001-787598f93d38
98269,0123e7fc-a69f-480f-8b1c-c6e6e4136b15
31226,0127fdc7-ea80-4108-acd9-c1ff2c431d2f
31997,012c7f69-cb95-4ecc-bf59-a4986a4dc35a
86790,012e8a2a-6a01-4733-9fde-ba1926d5b7fb
40998,012eb8dd-7e06-4f58-b88a-c47a5afe1477
116075,0142cd5c-c0ea-49c6-a81c-2379587d114b
100304,014374f6-c420-4361-9ee9-93675f7e36bb
99163,0145f01c-f29b-467d-aa2e-be3487829e23
85613,0147a14c-8253-4a1e-aa19-232827893106
85475,0148ce7c-7abe-4521-9711-70687f00269f
86134,0149b6d1-b8f5-4e64-bcda-7a209554381e
128192,0149daa5-89c9-4e05-bf4f-f2440e0d2db7
34762,014b8ceb-3a47-4004-9677-4a87c6186cac
79347,014bdf36-91ed-4f37-9224-9e565dd819b1
35101,014f4e49-cd27-43ef-ac23-1633113287c4
61581,01586f0f-6bab-4984-9b55-235fb40d1505
48265,01593760-623b-49b9-a9cc-a6bd4bbe19ce
120080,01604e79-5c05-442e-993e-a5d0a870e499
110209,0162ca10-b0ce-45f2-ade5-eaf05b901ab7
106672,016bb121-e1cb-4c3a-aee4-8312fed27b29
85868,0170b6bb-f017-493c-bb06-bd01b3457c04
61029,017136ad-ca5e-4b50-881a-fd276610d171
56554,0176936e-eda3-4ba5-9de1-9a74d8048f24
31324,0176e6dd-a502-465d-8f43-70b6b2118276
119526,0177dc79-c099-4e57-a229-aaf36d880f34
52209,01881a54-c61d-4127-a6e0-950c31700f90
54705,01882116-3e45-4d67-b932-34f60d360086
128403,018c2577-f29d-42e2-9e74-979e03bd8930
84223,01920f2c-57f7-402e-b950-5fa8dc1c561d
31488,01939907-5f6e-4007-8a6f-220085de3d96
42964,01951f30-6134-430b-ab8f-4db21e4ad248
112698,0196e55f-12c3-42ee-825a-f9e343e72dfd
101556,019dd911-cd1f-4bfb-839c-642be1472ba4
115710,01a2c59e-1eac-4788-a699-9039c08f2955
85956,01a34e62-a4ef-4ca9-af94-05203367e00a
110179,01a931cd-3f51-4dd5-a657-9c1e5109a205
85944,01aada03-59e2-4f3f-9302-4655ec2e7016
54765,01ac8dd3-a4e1-4002-8b00-0dc4c6a42676
34797,01b012fe-95b4-48fc-b071-c5bc90bfc5a5
31129,01b6fdbc-d34e-4bd6-bad1-1a1f41fff246
116820,01b749a6-1cff-4880-a748-a32580e1a04e
100888,01b9b9f8-a480-4fba-a28f-153a198f8d07
30549,01bced4a-4ce7-4309-8e98-a9fc1c89f5c6
122172,01c45f14-a731-40d8-b99e-143a3a9c9a6f
108603,01c49237-fc9d-435c-874d-99876b3c8598
31101,01c60e88-6a8d-449b-a538-f4946070b108
41558,01c75d8b-6e6c-4118-9fb1-8742ba435959
116454,01cb69ea-4558-42b3-9e47-f58e6bb8c5e2
123238,01ce66cb-6011-43ac-a91f-2329c66a73e6
56967,01d12ee3-2524-43d6-87cf-5216f0d36a87
37279,01d13025-e2b2-4f6e-b45a-b57115dd56cb
112367,01d3b5f5-1809-4b41-9184-69f33aa96f18
77589,01d46dd5-a8d7-4b27-af77-3c32155e4a77
116024,01d483fe-cc41-4a35-ac15-e0a2d761f342
62427,01d65ea4-1f0a-4ccd-96cd-3727b8a7bc94
122144,01df5580-aa40-4891-91d4-0f0f7f2f0a7b
73913,01e01102-53d1-4bdf-847b-90cfe5b6415d
104914,01e02eb8-f332-46b8-aff5-9809da058fa5
40846,01e1c180-7fb3-4715-999c-5f197bd27a8c
41623,01e6296c-9c0f-4329-8854-036aec11595b
98366,01e7e7d0-8ee3-4f61-9d60-e3871c3ee3f0
72337,01e81714-c14e-42db-b03e-808a13a24fb7
76714,01eca861-048f-465b-94cd-46fb862b4dc6
113249,01ee4e2b-4e3b-4874-a0ed-7974d33cb02e
41970,01f4082d-530f-4b84-b706-83502b6783fa
40001,01f5d236-58d7-4db0-8860-5045b0e5f52e
124556,01f7c3de-e02d-4e31-b23b-4d835f4d89a4
111334,01fb86df-973e-4309-9dc1-028bbdea1a70
108700,01fce4c5-a47b-485c-9d7e-445bf52603a8
64029,01fddd87-3cfc-4bb8-b6b9-01c3f66b7cf7
41034,01ff072f-c524-46b0-bc79-e81ae84cc137
69787,01ff32eb-c886-4bd3-9b78-6eb01a157a85
20684,020094cb-ca28-4d0c-8556-3f369a68673e
104520,0201302a-9982-4047-8ce9-dae040b18718
108426,020baff7-1f49-4734-b199-c3451bc9d891
85464,020dc431-58d2-4a31-9221-b26b2dce149d
110926,020f68ad-6548-4882-ac8c-132814b7f1bb
32995,0215e52e-b0fe-4ef9-9bcf-32dd7b12084b
41577,02190e3f-e3ba-4f9c-8186-7d68d1a7043b
53905,021c2ce4-6179-4d99-8ffc-3013cd3eb784
33316,02224f3d-1927-4738-ab43-6948b5b0e966
129762,02226899-ab9f-4676-b786-adc339cda99e
33598,022462bb-c4c1-4885-b9a3-145ccf1db400
31696,0227d5b2-e1db-477c-9636-00c022018d86
100999,022b4cea-e7c4-4458-901f-631f628cb3cd
93007,022c619c-f8d1-4b97-b142-2d7f602c2805
37715,022dcbac-54dc-4a96-9fef-91c29187b122
127509,022fa724-d9e4-4f39-a975-efadfa1544f0
53857,02311077-b419-4a6f-a470-8f978a6205c5
45021,0231899c-c94f-4e05-85f6-d2b4554a633f
99502,023460bb-26e7-4c09-a3e2-a7c21254cd67
108318,023736fb-746c-4e7c-b093-f92700f49cd2
88666,0237e46f-07a8-4446-8359-6ffe97777a58
43973,02440946-16ad-4d07-abd2-ff14a7f32060
36034,0244d403-5842-40e4-a9f5-325c07184863
105609,0245ccce-fa98-4881-b882-96a7c8552eac
50208,0252c37f-5002-473e-b3ab-7c46f545fc8f
94075,025320dc-5bb5-4be5-90ab-e30d8471503d
106992,02541091-9e86-4dee-ba4a-765be5c9671d
51615,02549615-5b8e-4c26-be81-9474a1f53eee
81293,025659a9-d380-48ac-90a5-0b82197fea13
81871,025c4e6a-4636-4c7d-a2d0-281674ad080d
86433,0260dc22-6d88-4720-90c6-c33f046e5f98
44603,02624192-5385-45cf-82f4-17ea233eb847
41653,0263b361-5288-415a-ac43-2a8bb998980c
48865,0267d3e5-fa01-4143-9e00-3c1301697fd7
85554,026a196d-4876-498e-aa9b-324ddd63c0fd
62171,026dc550-36b2-452d-9b3d-7a9063e47500
114005,026ee1e4-2dcb-483f-993f-21a5ad884468
38227,0270529a-eed5-48fc-b6f6-781c12e1d03e
65879,0272f671-0a04-4236-9852-7eddce55ed1b
112678,02792e77-d4e5-4789-a086-9f5609e533f3
86966,027b5732-ebda-430e-9e09-c6b003d82baa
127028,02814f95-4cfe-4e69-8003-875048353934
69453,028240e6-d308-415d-8fc2-1e9060eb4108
93413,02836d04-1740-4987-86db-d387501f3921
30336,02860cdf-1020-40f1-a23f-2025d80f6290
51096,0290d99b-9976-40e2-aaff-67e542e12c09
124247,0295d266-4870-4ea3-814b-35f9afc7a9fd
75447,0296dc0b-7635-4154-927a-33c2244c4503
33110,029c0606-410e-431d-b450-a23820a59648
33604,029cec9b-fd34-4efd-a2ac-7bd2891342ce
110905,029dce00-8b2b-44a8-9f27-36fea289f7dc
46781,029f797c-9457-488d-89b4-e3ac8e66c608
120467,02a29db3-80cc-48a3-a655-cb9cfbbd5a20
31529,02acf661-d1b0-4bb2-b56a-2549931550fa
103798,02adf3a3-210f-475a-889f-1db74c58e1f5
87095,02b25b39-9529-4516-906e-73f9687f48d6
115673,02b32a9e-bb3a-4527-92a4-70d6963b7dd6
92223,02b5f3f6-f13e-4ef2-9876-e98170ddad35
119750,02b60498-7431-48ca-a145-170f50b2990c
59485,02b92cb7-2af8-4861-9804-7b34b4232b40
115739,02be54ac-b1bc-496c-a496-bcea5356bcb5
118611,02c072ca-05d9-4c38-8c9f-0464f75e62a6
97739,02c28b42-8f87-4121-b60c-d664e405bd6e
69659,02c712ec-ef02-45c5-a301-d963aa76d119
119373,02cc8467-4aa0-4da2-976a-6ce547f35f5e
40207,02d1de9e-cdca-4726-b6fd-3008ee65eb83
39426,02d23572-90bd-4c2d-9ecf-fc8ee4db11b6
88977,02d3eb01-11e9-4eff-b522-fffa3ca63619
107286,02d52772-375b-4af7-8003-e7c82229b0ec
121874,02d5f7d6-03dc-46a8-b495-db514c2b4fff
30407,02d9f3f0-7cb3-4f7a-8176-b3c4d4c85623
50275,02dc0f0f-e236-45d7-800f-cf2df02170ec
78813,02df80ee-f4e9-4188-800e-4cf3334529ee
90555,02dfdfbf-8b72-48c8-9854-5d44ae1ddb25
91189,02e472cb-e833-4031-b158-a5e645e6a56b
31109,02e6e17b-c7c9-4f92-8cff-5c9eb58048c2
33693,02e771ed-7a3b-4c6f-bca9-4bea426b90e3
31219,02e84544-3120-42aa-a591-6057fa87e9d1
85303,02f5dade-938a-4e5f-b05c-63ac14239e55
62233,02f624ce-2853-428a-a85f-0ebdf36e44f2
30237,02f96300-7459-4d9f-9d41-c2988157623f
40579,02fbb5d6-7392-4a4e-99a5-2eadc1de9330
65577,02fd4de6-deaa-46c1-8344-6c3d280e6844
100833,02fe0520-c6c7-4d00-9e05-f3082c8dc1c5
50081,02fe9f7b-95a7-4f2b-a72f-639a55f46d33
30362,0305dfa7-352d-4ead-9d80-6af61ed6cc94
30033,030e6c39-7370-48c0-918e-6153e4a8828d
110218,0311b163-a021-4c27-bd26-3f83f280115f
110251,0314420c-1e7d-4796-8d11-9a6aca05ce6f
92794,031838d6-be82-4a57-a83e-6fee93fdc463
48585,03192d0a-3bcf-46ff-87b3-475dda000784
35644,031cf94d-f989-4b44-9939-c2bd426875e9
49097,0322ef6b-c09a-4d5d-a11f-8e597aaeade5
111299,0328cd58-d519-45b6-abd2-049cfe63790b
42837,032938d6-9a20-4b97-a37d-3c4f68a6c9ec
30683,032c989c-1051-4891-bf91-05de7e54b360
85329,032f2724-e0f6-4af8-95c5-b3bf35fb78d0
109791,03328215-d422-4e1d-9029-07e0dd9db61f
121905,0333d7cb-ca68-459c-b1a5-fe1de4672357
47754,033ee7a7-d9f9-49cd-8955-30440ac8cdf5
99850,03426dd2-63c5-493e-853e-485d7c7dc9c0
31467,03445f01-f914-4251-87cd-c0712bcb1e6e
95940,0344b7df-7006-4e5b-8d16-bbe1d54c67d0
81663,034677d7-535a-4ea7-ad2e-71838ddadc30
110308,0346b0eb-d56a-4b69-af71-5cf283792372
101726,0346c2d3-9077-4150-93c1-7d6eefc2b1a9
79473,0350eeaf-acf3-4242-a0e9-32c565291974
48758,03538add-cf55-457e-a671-75f398883bd9
33685,0353f06e-dc02-4dcf-b413-5a4f9120b28f
36316,0359b73e-c908-4ae8-9e7b-236c834044ca
107544,035c17a2-0a1c-40ab-a07d-0c23bf6f3ef6
53257,035ced67-13a3-4ae7-8342-a23d641d2869
92359,035d62cd-8540-47e7-a69b-415840d371a1
69433,03622e07-ef72-478e-b114-02277b5054ee
33301,03662d57-4646-4d8d-bdaa-82c44a8d25a8
30976,036766ea-5d89-4f3d-8cc4-6d7bcb128b2b
53986,0369b86e-a289-4e3d-9c10-105d4144baea
116559,036fce64-6de7-4668-b7ba-66596d32e059
115374,036fecc8-1e0b-432c-95b5-5c2758cdc00c
49292,03708800-ca65-441f-968e-b8dc33951c9a
124917,03730769-f30b-4133-b2e2-afb1b4985f4a
57305,0375994e-445d-4c7c-aa05-888996ad11a7
52875,0379dce1-e895-4247-8d1b-549da5eb2c48
115770,037a8416-e385-4141-b0b0-1f512c51c24f
46768,037bcbef-8c37-46ec-84a7-d78a3abc17e0
117033,03833892-7cfd-44f2-9d15-6b207c771009
42471,0383555e-c252-4410-8e18-7eba6f9db0c3
52575,0385b879-b1cd-4603-8b8b-dea5b335e9b1
50290,038672d9-0e71-4d10-b3a3-04c488590e64
99536,0386ed2f-7817-4706-8e5c-360b635bcfb6
31505,038740e2-13e5-4e5c-a774-405cf9419b51
33328,038859cb-a920-4420-b5f5-43a8ca520c5d
47686,0388c95f-5093-4e57-ab9c-43fd5a80da0a
99915,0390899b-c0ae-48b3-9b4e-937ebcd9db64
104062,0390b0ce-65cf-4380-8899-cdc217383fc8
31605,03911f4a-33cd-4305-bf27-dd0c01aca7f8
56757,039826b3-835e-4fbd-a4a8-63a0069916a0
87347,039d717e-9690-47fd-944d-93161b97fbac
56334,039e7cc8-c1dd-493a-a529-1e27de819336
47836,039eef76-4446-4c01-8bdd-8b009a10c36c
34213,03a04d3d-067a-4007-ab55-f7d1f6fa63ca
98049,03a3d9fe-f12d-4683-8023-90d29cae67a9
107185,03a9d0a6-50ce-46b8-9f66-f525a6a8451b
121914,03abaa1a-be69-4779-b629-41b2f1a8cc94
98994,03b16158-e216-4385-8796-27ea645d74bb
109862,03b8acb9-d278-4c5d-9243-c653aa1aba3f
32022,03b9e5f9-7834-439c-96e9-b9842f702dd0
39546,03bcdcf5-1550-4ccb-9c4e-4793cb4b8380
32646,03bd0718-3e94-4016-9a8e-c320f44ab2dc
55109,03bd434b-bbbc-4fd6-8985-2324a6be08c5
73665,03bf0fb2-ae8f-4eff-93a3-a7cc7518061d
31449,03c2bd97-c26b-452a-909e-34d4210da718
76286,03c3b737-ac5e-4e58-bbf0-7c626114b589
91892,03c42f22-3397-47b5-86d6-43def0cd5e7c
106736,03c5d091-3007-4a4b-80a3-ad673dfe47ab
37448,03c6121f-fc92-4121-b9ee-bf360a094aba
96314,03c9078a-0730-4637-bb3f-339a226ae3ac
128945,03cdf755-df46-4dc0-94dc-7816e099cd01
126150,03d11290-93c0-4f20-890c-49e4eb0bbc82
74055,03d113b6-8cb5-4980-9378-f41a28468f87
49931,03d4f67d-2142-464d-93f4-dadfcc0dc643
107189,03d50963-b105-4dc4-a413-c1bab9048491
75697,03d919cd-6ace-4516-9acd-122c203f6898
36095,03e11cfd-32c9-4873-a1d1-7f71fad05652
111434,03eb6c43-9006-477b-9297-7c4bacb6f694
104283,03eee952-1a7c-406b-8998-a85b238999d9
35090,03f728da-22b2-4caa-8ec0-0ed9cb857bbc
109440,03f7d7b9-9639-48ab-b346-fee6883be261
58563,03f7d862-123a-40ea-96da-bca2eb6168b0
33780,03f8725e-40b6-44fb-b5f3-c13a702c2b02
82495,03fd9260-1313-4a54-986b-f210e0b4d925
49844,0402033b-1057-4275-bd25-7994b95cbcd8
128286,040598d9-5d22-4573-9cb9-b0aaecdc5c7f
32199,0408ebad-98ad-4e6f-8a0d-0399f21e955a
41929,040c1cce-7512-4453-824c-68f14cff5e29
90858,04107609-23b6-4b18-a46e-4df5b1d8b9b6
97336,041086e4-5120-4e3c-a811-f21938a2402a
96402,041478a2-66b2-4f88-8895-eb07bc9bb248
31515,041ecc98-6e70-4b3d-8a94-ed1245d5ba28
122047,04221702-af13-4650-abc9-f3e66c7a63bb
90921,042490eb-6186-400f-b79c-d2bd31aeaf77
92275,0424a8a4-500d-4ba1-b7cf-214ae7792136
112476,0428160a-8e17-441c-91a0-e18dec2712c6
38828,042858df-6099-43b5-89be-53d4e27ebcb5
85081,042b4389-a26d-4505-b96b-e9d5fd731f9c
85544,04329c2b-a362-499e-8fe4-123901cc5a00
38016,0432bd8c-a475-441e-865a-3489d591b593
99890,0434fdc7-fa28-4bbf-ba95-e2169369e447
108927,043660c5-5372-4be5-ac8b-c5fe5124019d
116227,0437a954-2c50-4124-87fa-6bf5e37e18b5
52752,0437f809-907c-4636-b04a-17f79b7c484d
56973,043a0843-49ec-43e8-a72b-bf6c2bb083a9
119723,043a10f5-c16d-4402-bf82-0f3e8a33de29
38296,043d7872-4e1f-41be-a271-d7e0547fa234
97366,043d7c9a-08c1-434d-8037-24d32f57831e
31707,043f3e96-1878-4978-bf33-f22751da81d1
70415,043fb287-26b7-4089-87e8-5d72e8ea6c8f
86694,0441604c-1b94-49d0-8848-a527ba3e7a3f
85668,0449364f-2306-43ba-9cd6-53901a4be263
49671,044990d2-4b23-47bd-a25d-dce9c141cd34
94556,044a058e-71af-4169-a3b7-c319c7e8d99a
50857,04528b4c-bcc5-48b4-9af4-096060ad278d
36434,0452b060-349c-4422-9da1-12bafb9d6724
99485,04567cdb-1d6c-40fd-8f75-53242baa53d3
103890,04598a65-4f1f-4807-a419-d79ca7f67457
87144,045ad1b2-090a-4f65-ae8e-c785eb7f59b3
123380,045d7882-bddc-43fa-abc8-4acf5199b76c
104598,045fcc56-2964-4990-a293-4eaf80d3005f
44387,04619453-a172-486a-bbcd-d1f743ca9478
119971,04680398-7650-487f-b3dd-ddc381797a49
73819,04683ab2-89d9-431a-8b3e-72e23be543b7
34305,046edc6a-67c5-44ae-9afb-e789e108e170
85960,046faa25-f932-4f22-9ad1-e547b36dc2a9
86488,0473f23f-3ee4-4d85-8fe2-f97218f1ef1d
131055,0478e520-9d58-4c39-87c6-67b2df8cd59d
46589,047a9427-dfcb-4bb6-a6d7-f762479f22ea
86693,047b49ae-7390-44e5-8a4d-5324c928e351
112279,0483d2ef-557e-43ae-9761-2f2f0677625a
32730,0485fbf8-943c-4397-b59f-ed97e500d0b7
109319,0486e6b2-6551-4938-894a-4e7a72749b47
88095,0491bc8a-bfaf-4732-9503-3ac5c4208aba
47780,04958ebe-66ed-42bc-9d89-7fdbd50f9918
93450,0495bbd8-a25a-4603-8710-7904880e5bbb
100410,04976d19-0417-4144-9251-c9269abf0387
35807,049ccf8f-8412-4ff3-bfea-2bc64776d1ec
70813,049cd0a3-86e8-4d6b-8027-394b7757821a
85451,049dc60e-e06d-4ca3-b23c-864ecd7779a5
73287,04a2b91d-1aa8-4db6-85a7-6bbc99919670
120569,04abb0d6-70bf-452d-b1d5-eda2bd8a22a2
87000,04afa419-196a-4ba1-8b0d-7dfc48b2ba71
112316,04b138cd-fd73-4d6d-8552-8d1de84821d2
119601,04b35203-e080-4142-884b-e1c8bf5b3bc9
72259,04b379ed-9728-4701-b4f9-f5966944e5d9
74307,04b6cb84-d641-490a-8141-5426b15cecb9
71435,04b8ce92-a539-4d42-a326-06941a8e4d91
71631,04bb5f70-e189-4f85-ba5e-ffa01af9e3e2
91944,04bb64eb-3035-4efd-b038-5c6b4a0549d1
49762,04bca7eb-2a47-488d-a227-17dbda5371cf
19479,04bd11c5-64e0-4c06-ae8e-bae2d2f9072d
76058,04be1816-8fba-45f8-a3d0-3ad05718e874
85194,04c06d4a-7601-4221-b9f7-5ecbb71b6e56
41370,04c1c834-0240-4f21-a628-2548f71d2dd2
46842,04c3b37c-78a2-4ac5-8336-744cf355d839
46257,04c9f2ef-1c39-4787-a003-33c02d264db0
92314,04cf9cb6-c924-4e80-98e2-a998b4b9b578
118690,04d257a1-1e57-4f3d-934d-113b1834b2df
30262,04d3680f-0cad-4009-a394-33fedf5ee31d
98200,04d4dcd8-c009-476e-86f5-d00ddb2057bd
84749,04d69339-a879-4608-82c0-f891b4f10e7d
32685,04d82d45-21cd-4ff4-8da3-b0f5404b87d4
33840,04d899da-c6ae-4bc5-b73b-7f621a48d32e
30699,04db6969-ad71-45f9-85e8-5bcbef10c029
30078,04de2b0d-431e-49f9-b5c7-7d1a54839030
120903,04de6bc7-3679-4203-b728-ac57f49678da
86254,04e206c5-35cb-4f02-9f15-bf3f1a24986e
100548,04e40ed5-922f-4b34-bd57-2fc6c7ccdde5
117276,04e50c53-ac8b-4f3b-970b-01d078493afe
73559,04e54c8b-9d31-4868-a6ce-18b80cc1762d
94392,04e601f2-68c7-46f6-b351-fd7b219ae4f9
118584,04e8402a-5e1d-4f58-aa2b-24fad8ffab50
86563,04f1760c-37c3-4de1-8f32-ea1a93b0755a
33636,04f22916-0e69-4d58-b927-91b75dd28795
118269,04f2b88a-e167-410e-ac38-4fd4777f4e0f
33331,04f45ed5-469d-44e0-8733-04174b6487de
123562,04f6660b-0018-452d-844a-a205594dd66d
80133,04f7cd48-d429-4741-b821-5689d316ac1c
125531,04faab35-5107-4406-9d1b-63d3de9c4f2c
98285,04fe6d31-460f-41f3-b56a-5e4f7659afa5
2157,04fe7b0d-a5f2-4ee5-b652-32d33abd76a2
49961,050333a3-2c1c-4b74-8b8a-628b20ccd76a
92877,0504da67-e636-4b3e-ab9b-48e8d4264fc6
35362,05052483-2aba-457a-9750-eae7eac9b895
97269,0509eb8e-e129-4b08-9398-5bf5198af9c4
81501,050ed1ea-bf98-4612-804a-1e045b90b0f0
46377,0510e3fc-a693-4fb5-ae09-80e63df31f5c
81429,0511551c-c6fb-41e0-9731-97245cc58e16
33170,0515dcf5-c6e3-40e6-8654-3dd5d61be4eb
106909,05181bf1-4b76-4d45-8f55-2d7c28416994
43199,051a71f8-355f-4426-aac1-56b68fb14ddd
30495,051aa32b-07a7-40b3-a1d7-ae96b7fe02de
125060,051ce60f-bf16-432a-89a5-a8d52bd16de6
108919,051e6a66-7373-4583-98b6-b746153041e9
40774,051ecde7-f728-4e4f-ab4d-5589a1f07d45
86137,051f3400-6e8b-4b60-8679-da219d49d9ff
36916,05218715-dbc7-44f2-ae3a-1447695bdd03
58029,05255927-1470-47c5-9e71-8ad6fa760824
119876,05279856-7727-4ff2-aa5a-9e5363c50bb5
47040,052a2c6b-e910-4b30-848f-0ffd341998a6
37403,052b1d84-519f-4174-980c-9e4cbcb5e366
103688,052dd24e-5362-48f6-b1ef-b7a6e1afeb5d
113711,052e5256-6d5f-4591-8b17-35f628085a9c
109439,0535c66a-d845-45d6-96a7-300111a13e4a
105492,0535f0ef-b7e7-41d0-9828-b711644a656b
108930,053876c4-5042-4536-a063-3da2e8b4a998
77581,053dc17d-0406-4b0c-aeac-923fa24f3695
103334,05424f5a-6278-40ca-a319-631bdef6c0d3
104699,0545097b-c325-4dc3-a619-cedce793dc61
43634,05465a70-d731-4021-863a-089acd9f0061
101397,054708bb-644e-4434-8936-f021feccd036
33332,0548abc8-ded2-4ece-96d8-b16ff5a709ff
97023,0551a84a-924c-4965-9af3-5cb31ba8b4b8
33981,0553551f-1bbf-4d53-9fb0-cf7cfee152c4
117918,055dc933-3579-4650-9e2e-a64d077865e7
109026,056565a9-7a75-44ae-be72-7ef261a47a4a
85889,05667b38-4ba4-483c-9324-5d386015e022
86101,0566b133-c2dd-4e87-86ef-915050d1eec3
41056,05679d0e-03df-498f-a251-625d387d0efd
95249,056915a8-4320-4d57-9c48-9ec6abf7aec9
97005,05694d77-ecaf-4dba-b5e0-165f062439f0
86958,056abe09-ef2d-4ec8-88c7-a9818dd3f043
34370,056c33c6-bea0-4d89-9f2b-3d35c1da96b3
127670,056d932f-980a-4cfc-865e-9bec6b7d98a6
32386,0572560e-b1d3-4c45-a5aa-46f331645c22
124977,0574e1e3-6c8e-41d7-bd8e-2499ab559876
57741,0577dcca-7326-4896-a727-2b86fa73da05
46806,057b9b11-7bbe-4758-a6d3-501a60bba0bb
100205,057c7346-5a82-4119-a2dc-b0f769f18551
70355,057cab96-c972-418e-bd3b-ccf9ae1d8461
44161,057cbb2f-2c25-4f86-a4b0-66c8b0c90892
100062,057ed6b3-1d3e-4616-aa5b-69481505aff8
63581,057f5360-c37c-4619-a6a4-cb5aea7f5f6a
62733,058192d1-8249-4816-8495-ee0555fa6b37
106961,0581c802-2766-4956-aed8-daee0b493c35
33099,05875db7-5d63-4157-86e3-7e148a851b63
105140,0591023f-4d7d-4959-a81d-135eeacb6604
38872,0591325d-191f-4632-a9e7-bae6fc64f120
89649,05953f79-61b7-4ffb-bd45-28d668912675
61313,059a37a9-844f-4fe0-8269-974dc9c338cc
99033,059a5761-1ef4-4d37-8737-69bbe49c4e83
40652,05a04e0b-43fa-46a5-a9bf-673b20f692a3
35097,05a3c33b-42ed-46ea-9f5d-a6344143dfed
85747,05ab8f64-34bc-4843-b686-45980d9256a5
99330,05ad90c1-e9e0-46bf-8f72-34b2dabf6eb9
95036,05b16175-c7f7-4a7c-85d5-fa45702bb2ca
79949,05ba257a-e70a-4ba3-9784-2230ec7162b4
129225,05bd710c-d94a-45eb-be99-2109d58f1006
39714,05c14279-72d2-4696-a974-59a7e709e3e3
111507,05c2917a-e0a4-4c55-abac-8be0f8b213e4
121357,05c29e85-71c1-4f78-95cd-a03e68d9523c
95392,05c5464a-babb-46f9-9489-a469394f1fe0
33831,05c6f020-e754-40dd-8e16-2516faed00cc
90781,05c8656f-cb87-4545-83e9-c9810f86eeee
110811,05c874b8-6856-4d96-bd1d-8079eb365a4c
87251,05ccee57-de43-4e77-8381-253ff81f6cd5
109451,05cfc789-5e97-4c0e-86ca-4dda1a8e952c
36085,05d03999-32e5-41bc-bae5-e510c1d6b9bb
31892,05d451c9-0320-448c-a89d-899863987ad9
73591,05d74a77-3f30-434a-9bce-f68e98596c50
111541,05e06e87-ae1e-411e-a2bf-1b3def22f5bc
119041,05e20804-3b41-4830-a1d3-a8a553a8be5a
92347,05e21132-17da-4bed-8b46-19a329211338
41563,05e41447-5317-4e3b-8e86-77206306d4b0
30460,05e61a90-210f-4680-b841-4f124f303ea0
34572,05e9b6ba-be2f-4974-b15d-29ca3cdb5d87
96027,05ebe01d-172b-4a17-af60-9e7184feb4a1
76006,05ec0988-dae8-4acf-928b-43c5f7209098
121763,05f0c39f-1ae0-403c-b521-85122d4db458
40072,05f1196e-c551-4c85-9a25-b600ab58b457
110342,05f282b4-5010-48ff-8729-90059e90de57
47234,05f3f58b-efd2-4d6d-bdf6-efd991fe5495
101010,05ff3e41-832f-43c2-ad19-000c3de3509d
114354,05ff9abc-92d1-480b-a87f-02768075fef5
92491,06013ffb-6ddf-4f9a-9ca6-82c542efc2fa
41599,06020d3e-3f5a-4d18-bc73-6d12acda0370
32431,0602920f-3407-4aa9-b41c-8768cf2f2db9
31498,0604f907-17ea-40f5-bd44-05ec1ea23030
58361,060efa4f-3cfc-4555-b6a8-634d7dc84aa9
