def6862497-c523-4d88-8ecf-7542a12e2c75,00170e66-713c-40ed-aa75-8c029cdcc3d9
series/196500,001f4bb7-d544-4e5a-8efc-2abc012f4e09
series/21889,0025e816-e52c-47da-88fe-fdd5a5170299
series/253169,002871dd-5d07-4204-a6fd-a33a44af2630
series/210411,0039eb9b-f6ee-408f-875f-7c5380232861
series/3582,003e7fbf-f047-4783-a7df-1533a2a653d4
series/258381,00446151-d199-45d6-8671-821db1151e6c
series/198238,005143c6-d844-4e51-bd68-625cd66242c1
series/195865,0051e50a-e30c-4bb2-b378-c3da82463ee1
series/85064,005bf9d0-afcf-4fd6-b422-3c4393ef8c23
aebc6-bb09-4526-8969-0a28a95b9b40,007ececa-e5d1-471d-9f16-a21a73481164
series/105990,00893d86-c910-4247-b5cb-a2a0e0380012
series/188985,008cda8e-2c41-4c89-8c97-62bd17af0fdf
series/21115,009b6788-48f3-4e78-975c-097f54def7ab
series/283648,009c62ce-6064-4409-9949-4f00ba6d593c
series/250755,00b4e5ae-2502-4f24-954f-f8412f4d22ec
series/264159,00b64b8f-cb7e-4322-9855-3669fe210ac7
series/126995,00ba6332-cfd9-418c-a515-eb3a54cb7292
series/95107,00c180d6-669c-444d-a515-93463250ff61
series/12931,00c76090-a70f-4d96-a663-00c2e088ba16
https://bookwalker.jp/de38c24781-3eef-4d5f-b4fb-1727cdf2ec81/,00e51ba5-08d4-45de-ada1-3e090cc43dd4
series/54338,010a8606-ab4f-4e3e-82ce-17f19b02f262
series/48162,010a8ee8-847b-44dd-a269-9ac472e9f91a
series/49755,0110603c-92ec-463e-8d13-7651211e492e
series/121393,01194baf-f5c3-4258-9639-3f6b9c1b6678
series/207637,011a8821-8fea-447b-aff9-cb0212487eac
series/64243,0123dd7a-8fb9-4004-a001-787598f93d38
series/181405,0129cd56-8bf6-4237-aab1-b1b599a151d9
series/21913,012e8a2a-6a01-4733-9fde-ba1926d5b7fb
series/228905,0142cd5c-c0ea-49c6-a81c-2379587d114b
series/132266,014374f6-c420-4361-9ee9-93675f7e36bb
series/21543,0147a14c-8253-4a1e-aa19-232827893106
series/22865,0148ce7c-7abe-4521-9711-70687f00269f
series/23379,0149b6d1-b8f5-4e64-bcda-7a209554381e
series/200188,01604e79-5c05-442e-993e-a5d0a870e499
dec3fba121-67db-4454-97cd-43bd0c97656a,016bb121-e1cb-4c3a-aee4-8312fed27b29
series/3575,01c60e88-6a8d-449b-a538-f4946070b108
series/224738,01d3b5f5-1809-4b41-9184-69f33aa96f18
series/226590,01d483fe-cc41-4a35-ac15-e0a2d761f342
series/125413,01e02eb8-f332-46b8-aff5-9809da058fa5
series/96832,01e7e7d0-8ee3-4f61-9d60-e3871c3ee3f0
series/241695,01ee4e2b-4e3b-4874-a0ed-7974d33cb02e
series/244589,01f6270d-95a5-4ec6-a2aa-491bcd90a321
series/214649,01fce4c5-a47b-485c-9d7e-445bf52603a8
series/189170,0201302a-9982-4047-8ce9-dae040b18718
de96d8fbf1-7c18-4bca-a703-3fb87d554e86,022b4cea-e7c4-4458-901f-631f628cb3cd
series/184587/list,023736fb-746c-4e7c-b093-f92700f49cd2
series/184824,026ee1e4-2dcb-483f-993f-21a5ad884468
series/4277,02860cdf-1020-40f1-a23f-2025d80f6290
series/7474,0296dc0b-7635-4154-927a-33c2244c4503
ded96d7bb9-eebd-45f9-8bf4-02fb408407a4,029dce00-8b2b-44a8-9f27-36fea289f7dc
series/194763,02adf3a3-210f-475a-889f-1db74c58e1f5
series/54816,02b6484e-5bbf-4f86-aaeb-6ce1a52b9aa3
series/937,02b92cb7-2af8-4861-9804-7b34b4232b40
series/5394,02d9f3f0-7cb3-4f7a-8176-b3c4d4c85623
series/126345,02f5dade-938a-4e5f-b05c-63ac14239e55
series/169941,02fe0520-c6c7-4d00-9e05-f3082c8dc1c5
series/227694,0311b163-a021-4c27-bd26-3f83f280115f
series/96596,0314420c-1e7d-4796-8d11-9a6aca05ce6f
series/222800,0328cd58-d519-45b6-abd2-049cfe63790b
series/12987,032c989c-1051-4891-bf91-05de7e54b360
series/153436,03426dd2-63c5-493e-853e-485d7c7dc9c0
series/220040,0346b0eb-d56a-4b69-af71-5cf283792372
de17f13476-9a4f-4a69-b2ff-564b0a660803,0350eeaf-acf3-4242-a0e9-32c565291974
series/223679,035c17a2-0a1c-40ab-a07d-0c23bf6f3ef6
series/147488,03662d57-4646-4d8d-bdaa-82c44a8d25a8
series/164105,03708800-ca65-441f-968e-b8dc33951c9a
series/214955,03730769-f30b-4133-b2e2-afb1b4985f4a
series/215747,03768bc4-1466-435e-9bad-b733f25ee29f
deefc5c828-72b9-458f-acd1-07e4c2f89753,0377b109-e5e8-4ebb-824f-3b15b553c5a1
series/236321,037a8416-e385-4141-b0b0-1f512c51c24f
series/188166,03833892-7cfd-44f2-9d15-6b207c771009
series/104138,0386ed2f-7817-4706-8e5c-360b635bcfb6
series/13063,038740e2-13e5-4e5c-a774-405cf9419b51
series/125469,0388c95f-5093-4e57-ab9c-43fd5a80da0a
series/123504,0390899b-c0ae-48b3-9b4e-937ebcd9db64
series/82893,03b16158-e216-4385-8796-27ea645d74bb
series/247176,03c2bd97-c26b-452a-909e-34d4210da718
series/64434/list,03f7d862-123a-40ea-96da-bca2eb6168b0
de484b6854-35a5-44b6-adda-eca441a3f3bf,03f8725e-40b6-44fb-b5f3-c13a702c2b02
series/128308,042b4389-a26d-4505-b96b-e9d5fd731f9c
series/80984,043f3e96-1878-4978-bf33-f22751da81d1
series/192468,04598a65-4f1f-4807-a419-d79ca7f67457
series/230776,04680398-7650-487f-b3dd-ddc381797a49
series/57905,047b49ae-7390-44e5-8a4d-5324c928e351
series/260398,0483d2ef-557e-43ae-9761-2f2f0677625a
series/125640,0486e6b2-6551-4938-894a-4e7a72749b47
series/134095,04976d19-0417-4144-9251-c9269abf0387
series/150384,049ccf8f-8412-4ff3-bfea-2bc64776d1ec
series/3013,049cd0a3-86e8-4d6b-8027-394b7757821a
series/6672,049dc60e-e06d-4ca3-b23c-864ecd7779a5
series/279216,04b35203-e080-4142-884b-e1c8bf5b3bc9
series/235376,04c7c56a-f4d9-484d-8e48-8a35dd38fa90
series/153780,04d69339-a879-4608-82c0-f891b4f10e7d
de8cfc6ca8-4d58-4e29-aeda-f59c110a4920,04dba92e-70f7-4fff-a5b5-7b5b8c65e90d
series/241783,04e50c53-ac8b-4f3b-970b-01d078493afe
series/16055,04f7cd48-d429-4741-b821-5689d316ac1c
series/112684,04fe6d31-460f-41f3-b56a-5e4f7659afa5
series/171616,05181bf1-4b76-4d45-8f55-2d7c28416994
series/170440,051bf194-9f3f-47b8-a5f5-95d4678796e3
series/275206,0531e50a-78b2-4e79-8e8d-c0796493dcd2
series/185523,0545097b-c325-4dc3-a619-cedce793dc61
series/2828,05465a70-d731-4021-863a-089acd9f0061
series/10671,0551a84a-924c-4965-9af3-5cb31ba8b4b8
series/199088,05634c01-7f94-464b-9672-0b13ad06e871
series/179477,0581c802-2766-4956-aed8-daee0b493c35
series/172886,0591023f-4d7d-4959-a81d-135eeacb6604
series/215971,05993e2f-812a-4961-b023-72a59a3361ef
series/61701/list/,059a5761-1ef4-4d37-8737-69bbe49c4e83
series/50581,05a1b71e-d7f5-4776-9ceb-13e7aebf208b
series/47081,05c5464a-babb-46f9-9489-a469394f1fe0
series/81043,05ccee57-de43-4e77-8381-253ff81f6cd5
series/207663,05d5d608-11f8-4c07-b5ad-523d807214c8
series/164619,05e06e87-ae1e-411e-a2bf-1b3def22f5bc
series/74562,05e41447-5317-4e3b-8e86-77206306d4b0
series/228993,05f282b4-5010-48ff-8729-90059e90de57
series/176577,060d1dcc-6cd6-42a9-90ef-97ca507270e6
