17709,0001183c-2089-48e9-96b7-d48db5f1a611
9130,000b5d62-21ac-470a-b16f-40f35f4c5bfe
3096,000f87d6-92fe-434d-ac76-da6ad9286acf
25539,0015dc62-5b46-469a-8138-e32a043e60f9
47221,0016f819-f9a0-482a-8df2-d735a1773b51
52887,001a2289-ad1a-4544-b1d8-3465dbb14a86
20695,001c5f74-c18f-4ab5-9cd6-a46455932934
54856,001f4bb7-d544-4e5a-8efc-2abc012f4e09
5163,00204d60-d5c8-486d-9dbc-868a91d27612
9219,00251b0a-d30f-4433-b20c-33eb76449f92
26843,0025e816-e52c-47da-88fe-fdd5a5170299
53058,0026cc9e-8150-4494-ba8d-50887726d974
2135,002835a6-c7e5-4ec2-a907-dbe32117b104
56968,002871dd-5d07-4204-a6fd-a33a44af2630
37595,00293f4b-8ccc-4f65-95ef-b1a0c32d5ac8
3192,002a8f9e-b2e1-4841-8745-bd3d66f252e6
47384,003849a4-e249-4399-a199-34786b8ff91f
17370,003876eb-1b3e-4bed-a18d-a6ea486848ba
55727,0039eb9b-f6ee-408f-875f-7c5380232861
18489,003e1cfd-b4f9-4d66-9080-34455ac19a96
15349,003e7fbf-f047-4783-a7df-1533a2a653d4
57262,00446151-d199-45d6-8671-821db1151e6c
2020,0046506d-6805-4476-879c-5b398a84ac68
53925,0051e50a-e30c-4bb2-b378-c3da82463ee1
16126,0056e7a5-33fc-4aa3-97e1-6a74170c7f50
36788,00575427-0dcd-4905-b764-16f3aea8bfe4
2500,0059301b-9aa5-4dbe-98a0-a1cdde873332
5289,005b434a-f5ba-49cc-8a97-549ae4a386c6
48341,005bf9d0-afcf-4fd6-b422-3c4393ef8c23
4733,005ff962-889d-4614-82b1-630ff97e846e
56580,0068e60c-330e-47b3-a84b-2fe533741171
24157,0069d76b-26ee-4656-a1bf-938110bca4b2
47182,006a499e-cb23-42eb-bb60-d6ad8b4bd427
12670,00710da8-d320-42e5-a76d-fa0fae6017cc
1396,00719812-4db7-4a62-bd47-f91c7b2fb86c
703,007250a2-6dec-4349-bf54-61c62581a779
39817,00762b75-7f1c-4fd8-bb22-2385eb81cb31
49786,007ececa-e5d1-471d-9f16-a21a73481164
31257,008511cd-ffc3-4ec4-a559-a6baeb2325ed
56373,00861d20-cb93-48d3-8130-9a9a46660ffc
38882,00893d86-c910-4247-b5cb-a2a0e0380012
54361,008cda8e-2c41-4c89-8c97-62bd17af0fdf
13703,00904334-01f1-4174-a81e-9170c9f54b97
30085,009917c4-ae35-4cee-b83e-47ba28f1bbcd
4026,009a2f1f-666e-43f2-b424-782daf5a00c8
26932,009b6788-48f3-4e78-975c-097f54def7ab
56406,009bd26f-23b2-4f6e-9ed9-ba49391c49e8
51353,00a508ea-92c3-4a75-be73-14a0415c974a
56850,00a82fcc-997d-4139-9d2c-8935628199c5
5868,00b07667-f12a-4bfc-b6c5-208b2e003a98
55403,00b1bc4e-ff62-470b-9e9e-a0ce20ecc710
36966,00b5305f-7770-4338-8e61-9871e57e3193
56462,00b64b8f-cb7e-4322-9855-3669fe210ac7
8735,00ba6332-cfd9-418c-a515-eb3a54cb7292
6827,00c180d6-669c-444d-a515-93463250ff61
53992,00c184ee-2e8c-4ec6-b16d-18651ecb7361
54172,00c3a0cd-2fd7-4058-bbab-21d07e0b509f
ice-ice-baby,00c6fa3a-b8fa-4120-a5ba-5fef268228f5
101,00c76090-a70f-4d96-a663-00c2e088ba16
4216,00cbf0db-2caa-4995-9bf5-570b6ff78eef
2570,00cf4464-60fd-49f8-97df-86c595acb45d
51381,00d27570-3fa0-415b-9eec-f4b04c353795
4149,00da3ad0-bd2d-4cc2-850c-4e61561cd176
6740,00e785b5-3a79-42fa-9d8d-8e63eb1167ab
38605,00eab497-5360-4a3f-b616-093c79b809c4
19203,00eb5a40-9d63-44b1-9227-d0718ea8a795
31066,00f5732b-8af2-4c5a-b2bb-e42bd8b25be5
18016,00f84604-101c-4aea-96ea-ecf85d8ffa68
55862,01049e59-a670-4c69-97bb-0e2d5f612e14
2571,0107ccdf-3b90-454d-9773-f0ebbada147a
5292,010a2252-bdc9-4cd4-bbcd-603cc9c3c6b2
36660,010a8606-ab4f-4e3e-82ce-17f19b02f262
27182,010a8ee8-847b-44dd-a269-9ac472e9f91a
22646,010db7f3-385a-467c-afdc-1223989d23f3
52600,010f70a7-5239-4b2a-a84f-903187f58cac
41087,0110603c-92ec-463e-8d13-7651211e492e
38987,011781ed-ecda-4c75-b0b3-ea6b59bb27cb
50929,01194baf-f5c3-4258-9639-3f6b9c1b6678
20774,011a0e55-4e70-4280-8544-5426101e6ad8
7189,011a1ddc-8b09-44d1-ac5d-ab11226e6c49
37934,0123dd7a-8fb9-4004-a001-787598f93d38
35070,0123e7fc-a69f-480f-8b1c-c6e6e4136b15
2711,0127fdc7-ea80-4108-acd9-c1ff2c431d2f
4157,012c7f69-cb95-4ecc-bf59-a4986a4dc35a
26994,012e8a2a-6a01-4733-9fde-ba1926d5b7fb
20839,012eb8dd-7e06-4f58-b88a-c47a5afe1477
57022,0142cd5c-c0ea-49c6-a81c-2379587d114b
40194,014374f6-c420-4361-9ee9-93675f7e36bb
54306,01453642-9d95-438d-baac-8c362cbe1a6f
42982,0145f01c-f29b-467d-aa2e-be3487829e23
26247,0147a14c-8253-4a1e-aa19-232827893106
26701,0148ce7c-7abe-4521-9711-70687f00269f
27614,0149b6d1-b8f5-4e64-bcda-7a209554381e
58953,0149daa5-89c9-4e05-bf4f-f2440e0d2db7
10184,014b8ceb-3a47-4004-9677-4a87c6186cac
6907,014bdf36-91ed-4f37-9224-9e565dd819b1
10723,014f4e49-cd27-43ef-ac23-1633113287c4
2909,01586f0f-6bab-4984-9b55-235fb40d1505
6030,01593760-623b-49b9-a9cc-a6bd4bbe19ce
26407,015996c5-423e-47c6-8759-9c2bdf8c8e3d
52642,015bcba9-9fa5-4675-bf8c-12de897a5434
49679,01604e79-5c05-442e-993e-a5d0a870e499
1950,017136ad-ca5e-4b50-881a-fd276610d171
20049,0176936e-eda3-4ba5-9de1-9a74d8048f24
2870,0176e6dd-a502-465d-8f43-70b6b2118276
56738,0177dc79-c099-4e57-a229-aaf36d880f34
17216,01882116-3e45-4d67-b932-34f60d360086
58608,018c2577-f29d-42e2-9e74-979e03bd8930
12669,01920f2c-57f7-402e-b950-5fa8dc1c561d
3170,01939907-5f6e-4007-8a6f-220085de3d96
23494,01951f30-6134-430b-ab8f-4db21e4ad248
40992,019dd911-cd1f-4bfb-839c-642be1472ba4
25647,01a34e62-a4ef-4ca9-af94-05203367e00a
33975,01aada03-59e2-4f3f-9302-4655ec2e7016
17331,01ac8dd3-a4e1-4002-8b00-0dc4c6a42676
10249,01b012fe-95b4-48fc-b071-c5bc90bfc5a5
55843,01b09fb7-b178-4e71-af24-5c5e34e7ee38
2428,01b6fdbc-d34e-4bd6-bad1-1a1f41fff246
51704,01b9b9f8-a480-4fba-a28f-153a198f8d07
53854,01c49237-fc9d-435c-874d-99876b3c8598
2372,01c60e88-6a8d-449b-a538-f4946070b108
21600,01c75d8b-6e6c-4118-9fb1-8742ba435959
58577,01ce66cb-6011-43ac-a91f-2329c66a73e6
20479,01d12ee3-2524-43d6-87cf-5216f0d36a87
14985,01d13025-e2b2-4f6e-b45a-b57115dd56cb
55321,01d3b5f5-1809-4b41-9184-69f33aa96f18
26334,01d46dd5-a8d7-4b27-af77-3c32155e4a77
5159,01d65ea4-1f0a-4ccd-96cd-3727b8a7bc94
23922,01e01102-53d1-4bdf-847b-90cfe5b6415d
52930,01e02eb8-f332-46b8-aff5-9809da058fa5
20653,01e1c180-7fb3-4715-999c-5f197bd27a8c
21682,01e6296c-9c0f-4329-8854-036aec11595b
41071,01e7e7d0-8ee3-4f61-9d60-e3871c3ee3f0
22229,01e81714-c14e-42db-b03e-808a13a24fb7
3175,01eca861-048f-465b-94cd-46fb862b4dc6
55960,01ef9436-1288-474a-9f6b-76bb58933a30
22160,01f4082d-530f-4b84-b706-83502b6783fa
19613,01f5d236-58d7-4db0-8860-5045b0e5f52e
55105,01fb86df-973e-4309-9dc1-028bbdea1a70
54411,01fce4c5-a47b-485c-9d7e-445bf52603a8
8908,01fddd87-3cfc-4bb8-b6b9-01c3f66b7cf7
20887,01ff072f-c524-46b0-bc79-e81ae84cc137
19586,01ff32eb-c886-4bd3-9b78-6eb01a157a85
9985,020094cb-ca28-4d0c-8556-3f369a68673e
54101,0201302a-9982-4047-8ce9-dae040b18718
56056,020baff7-1f49-4734-b199-c3451bc9d891
25536,020dc431-58d2-4a31-9221-b26b2dce149d
6387,0215e52e-b0fe-4ef9-9bcf-32dd7b12084b
21624,02190e3f-e3ba-4f9c-8186-7d68d1a7043b
15846,021c2ce4-6179-4d99-8ffc-3013cd3eb784
7210,02224f3d-1927-4738-ab43-6948b5b0e966
7988,022462bb-c4c1-4885-b9a3-145ccf1db400
3611,0227d5b2-e1db-477c-9636-00c022018d86
51170,022b4cea-e7c4-4458-901f-631f628cb3cd
26673,022c619c-f8d1-4b97-b142-2d7f602c2805
15804,022dcbac-54dc-4a96-9fef-91c29187b122
15763,02311077-b419-4a6f-a470-8f978a6205c5
51,0231899c-c94f-4e05-85f6-d2b4554a633f
43606,023460bb-26e7-4c09-a3e2-a7c21254cd67
26051,0237e46f-07a8-4446-8359-6ffe97777a58
24608,02440946-16ad-4d07-abd2-ff14a7f32060
13196,0244d403-5842-40e4-a9f5-325c07184863
45801,0245ccce-fa98-4881-b882-96a7c8552eac
8920,0252c37f-5002-473e-b3ab-7c46f545fc8f
34821,025320dc-5bb5-4be5-90ab-e30d8471503d
56988,02541091-9e86-4dee-ba4a-765be5c9671d
11277,02549615-5b8e-4c26-be81-9474a1f53eee
9451,025659a9-d380-48ac-90a5-0b82197fea13
10348,025c4e6a-4636-4c7d-a2d0-281674ad080d
27704,0260dc22-6d88-4720-90c6-c33f046e5f98
24974,02624192-5385-45cf-82f4-17ea233eb847
21731,0263b361-5288-415a-ac43-2a8bb998980c
6857,0267d3e5-fa01-4143-9e00-3c1301697fd7
25694,026a196d-4876-498e-aa9b-324ddd63c0fd
4444,026dc550-36b2-452d-9b3d-7a9063e47500
16770,0270529a-eed5-48fc-b6f6-781c12e1d03e
13721,0272f671-0a04-4236-9852-7eddce55ed1b
55268,02792e77-d4e5-4789-a086-9f5609e533f3
25331,027b5732-ebda-430e-9e09-c6b003d82baa
19209,028240e6-d308-415d-8fc2-1e9060eb4108
766,02860cdf-1020-40f1-a23f-2025d80f6290
58837,02909dc6-14bf-4c80-ab6a-766893e97e25
10456,0290d99b-9976-40e2-aaff-67e542e12c09
58547,0295d266-4870-4ea3-814b-35f9afc7a9fd
922,0296dc0b-7635-4154-927a-33c2244c4503
6689,029c0606-410e-431d-b450-a23820a59648
8001,029cec9b-fd34-4efd-a2ac-7bd2891342ce
56549,029dce00-8b2b-44a8-9f27-36fea289f7dc
3508,029f797c-9457-488d-89b4-e3ac8e66c608
3255,02acf661-d1b0-4bb2-b56a-2549931550fa
54081,02adf3a3-210f-475a-889f-1db74c58e1f5
27495,02b25b39-9529-4516-906e-73f9687f48d6
43131,02b32a9e-bb3a-4527-92a4-70d6963b7dd6
26811,02b5f3f6-f13e-4ef2-9876-e98170ddad35
23267,02b92cb7-2af8-4861-9804-7b34b4232b40
35740,02c28b42-8f87-4121-b60c-d664e405bd6e
19440,02c712ec-ef02-45c5-a301-d963aa76d119
19863,02d1de9e-cdca-4726-b6fd-3008ee65eb83
18966,02d23572-90bd-4c2d-9ecf-fc8ee4db11b6
25894,02d3eb01-11e9-4eff-b522-fffa3ca63619
919,02d9f3f0-7cb3-4f7a-8176-b3c4d4c85623
9033,02dc0f0f-e236-45d7-800f-cf2df02170ec
6381,02df80ee-f4e9-4188-800e-4cf3334529ee
27467,02dfdfbf-8b72-48c8-9854-5d44ae1ddb25
2390,02e6e17b-c7c9-4f92-8cff-5c9eb58048c2
8220,02e771ed-7a3b-4c6f-bca9-4bea426b90e3
2688,02e84544-3120-42aa-a591-6057fa87e9d1
55404,02f0f46c-3c5e-4338-b20b-ee782cc11932
25667,02f5dade-938a-4e5f-b05c-63ac14239e55
4608,02f624ce-2853-428a-a85f-0ebdf36e44f2
20319,02fbb5d6-7392-4a4e-99a5-2eadc1de9330
13257,02fd4de6-deaa-46c1-8344-6c3d280e6844
51400,02fe0520-c6c7-4d00-9e05-f3082c8dc1c5
8677,02fe9f7b-95a7-4f2b-a72f-639a55f46d33
830,0305dfa7-352d-4ead-9d80-6af61ed6cc94
52725,030cbf03-a3a5-4ff7-90f2-c2c6a133d48f
88,030e6c39-7370-48c0-918e-6153e4a8828d
55885,0311b163-a021-4c27-bd26-3f83f280115f
47432,0314420c-1e7d-4796-8d11-9a6aca05ce6f
32636,031838d6-be82-4a57-a83e-6fee93fdc463
6497,03192d0a-3bcf-46ff-87b3-475dda000784
12365,031cf94d-f989-4b44-9939-c2bd426875e9
7141,0322ef6b-c09a-4d5d-a11f-8e597aaeade5
23314,032938d6-9a20-4b97-a37d-3c4f68a6c9ec
40514,032b3391-2938-43b9-bf58-d62c783a41c4
1544,032c989c-1051-4891-bf91-05de7e54b360
25879,032f2724-e0f6-4af8-95c5-b3bf35fb78d0
53472,03328215-d422-4e1d-9029-07e0dd9db61f
5287,033ee7a7-d9f9-49cd-8955-30440ac8cdf5
39722,03426dd2-63c5-493e-853e-485d7c7dc9c0
3123,03445f01-f914-4251-87cd-c0712bcb1e6e
37741,0344b7df-7006-4e5b-8d16-bbe1d54c67d0
10039,034677d7-535a-4ea7-ad2e-71838ddadc30
madougushi-dahliya-wa-utsumukanai-kyou-kara-jiyuu-na-shokunin-life,0346b0eb-d56a-4b69-af71-5cf283792372
36727,0346c2d3-9077-4150-93c1-7d6eefc2b1a9
7020,0350eeaf-acf3-4242-a0e9-32c565291974
6705,03538add-cf55-457e-a671-75f398883bd9
8208,0353f06e-dc02-4dcf-b413-5a4f9120b28f
13616,0359b73e-c908-4ae8-9e7b-236c834044ca
53555,035a07ea-0308-4059-91bf-77126dfce7ba
56288,035c17a2-0a1c-40ab-a07d-0c23bf6f3ef6
14644,035ced67-13a3-4ae7-8342-a23d641d2869
27026,035d62cd-8540-47e7-a69b-415840d371a1
23382,036211c1-dee3-466f-b4ac-89cd64251843
19195,03622e07-ef72-478e-b114-02277b5054ee
7181,03662d57-4646-4d8d-bdaa-82c44a8d25a8
2132,036766ea-5d89-4f3d-8cc4-6d7bcb128b2b
15963,0369b86e-a289-4e3d-9c10-105d4144baea
56490,036b8332-5dcb-4886-bd7b-1caaec2e276b
56620,036fce64-6de7-4668-b7ba-66596d32e059
7403,03708800-ca65-441f-968e-b8dc33951c9a
57803,03730769-f30b-4133-b2e2-afb1b4985f4a
20847,0375994e-445d-4c7c-aa05-888996ad11a7
14107,0379dce1-e895-4247-8d1b-549da5eb2c48
41028,037b2025-acbc-4937-8279-523c17dd2734
3486,037bcbef-8c37-46ec-84a7-d78a3abc17e0
22820,0383555e-c252-4410-8e18-7eba6f9db0c3
13672,0385b879-b1cd-4603-8b8b-dea5b335e9b1
9062,038672d9-0e71-4d10-b3a3-04c488590e64
39617,0386ed2f-7817-4706-8e5c-360b635bcfb6
3205,038740e2-13e5-4e5c-a774-405cf9419b51
7242,038859cb-a920-4420-b5f5-43a8ca520c5d
5204,0388c95f-5093-4e57-ab9c-43fd5a80da0a
48960,0390899b-c0ae-48b3-9b4e-937ebcd9db64
52688,0390b0ce-65cf-4380-8899-cdc217383fc8
20275,039826b3-835e-4fbd-a4a8-63a0069916a0
27324,039d717e-9690-47fd-944d-93161b97fbac
19812,039e7cc8-c1dd-493a-a529-1e27de819336
5426,039eef76-4446-4c01-8bdd-8b009a10c36c
9210,03a04d3d-067a-4007-ab55-f7d1f6fa63ca
43199,03a3d9fe-f12d-4683-8023-90d29cae67a9
47758,03b16158-e216-4385-8796-27ea645d74bb
12620,03b8acb9-d278-4c5d-9243-c653aa1aba3f
4205,03b9e5f9-7834-439c-96e9-b9842f702dd0
19076,03bcdcf5-1550-4ccb-9c4e-4793cb4b8380
18065,03bd434b-bbbc-4fd6-8985-2324a6be08c5
23709,03bf0fb2-ae8f-4eff-93a3-a7cc7518061d
3091,03c2bd97-c26b-452a-909e-34d4210da718
2520,03c3b737-ac5e-4e58-bbf0-7c626114b589
26001,03c42f22-3397-47b5-86d6-43def0cd5e7c
15339,03c6121f-fc92-4121-b9ee-bf360a094aba
43214,03c9078a-0730-4637-bb3f-339a226ae3ac
23998,03d113b6-8cb5-4980-9378-f41a28468f87
8391,03d4f67d-2142-464d-93f4-dadfcc0dc643
17991,03d50963-b105-4dc4-a413-c1bab9048491
1433,03d919cd-6ace-4516-9acd-122c203f6898
13326,03e11cfd-32c9-4873-a1d1-7f71fad05652
genshin-impact,03eb6c43-9006-477b-9297-7c4bacb6f694
54325,03eee952-1a7c-406b-8998-a85b238999d9
10701,03f728da-22b2-4caa-8ec0-0ed9cb857bbc
22238,03f7d862-123a-40ea-96da-bca2eb6168b0
8358,03f8725e-40b6-44fb-b5f3-c13a702c2b02
11201,03fd9260-1313-4a54-986b-f210e0b4d925
8252,0402033b-1057-4275-bd25-7994b95cbcd8
4515,0408ebad-98ad-4e6f-8a0d-0399f21e955a
22102,040c1cce-7512-4453-824c-68f14cff5e29
30099,04107609-23b6-4b18-a46e-4df5b1d8b9b6
45284,041086e4-5120-4e3c-a811-f21938a2402a
43325,041478a2-66b2-4f88-8895-eb07bc9bb248
3226,041ecc98-6e70-4b3d-8a94-ed1245d5ba28
30190,042490eb-6186-400f-b79c-d2bd31aeaf77
45404,04277256-e205-4599-af71-755aab26bc89
55305,0428160a-8e17-441c-91a0-e18dec2712c6
17899,042858df-6099-43b5-89be-53d4e27ebcb5
13949,042b4389-a26d-4505-b96b-e9d5fd731f9c
25361,04329c2b-a362-499e-8fe4-123901cc5a00
16380,0432bd8c-a475-441e-865a-3489d591b593
40865,0434fdc7-fa28-4bbf-ba95-e2169369e447
51804,043660c5-5372-4be5-ac8b-c5fe5124019d
13950,0437f809-907c-4636-b04a-17f79b7c484d
20487,043a0843-49ec-43e8-a72b-bf6c2bb083a9
16874,043d7872-4e1f-41be-a271-d7e0547fa234
45340,043d7c9a-08c1-434d-8037-24d32f57831e
3627,043f3e96-1878-4978-bf33-f22751da81d1
20251,043fb287-26b7-4089-87e8-5d72e8ea6c8f
36789,0441604c-1b94-49d0-8848-a527ba3e7a3f
25354,0449364f-2306-43ba-9cd6-53901a4be263
7981,044990d2-4b23-47bd-a25d-dce9c141cd34
35810,044a058e-71af-4169-a3b7-c319c7e8d99a
10069,04528b4c-bcc5-48b4-9af4-096060ad278d
13772,0452b060-349c-4422-9da1-12bafb9d6724
41259,04598a65-4f1f-4807-a419-d79ca7f67457
38594,045ad1b2-090a-4f65-ae8e-c785eb7f59b3
53103,045fcc56-2964-4990-a293-4eaf80d3005f
24827,04619453-a172-486a-bbcd-d1f743ca9478
58648,04680398-7650-487f-b3dd-ddc381797a49
23878,04683ab2-89d9-431a-8b3e-72e23be543b7
9390,046edc6a-67c5-44ae-9afb-e789e108e170
25872,046faa25-f932-4f22-9ad1-e547b36dc2a9
26622,0473f23f-3ee4-4d85-8fe2-f97218f1ef1d
3154,047a9427-dfcb-4bb6-a6d7-f762479f22ea
36589,047b49ae-7390-44e5-8a4d-5324c928e351
5719,0485fbf8-943c-4397-b59f-ed97e500d0b7
53427,0486e6b2-6551-4938-894a-4e7a72749b47
15175,0491bc8a-bfaf-4732-9503-3ac5c4208aba
5329,04958ebe-66ed-42bc-9d89-7fdbd50f9918
26924,0495bbd8-a25a-4603-8710-7904880e5bbb
40288,04976d19-0417-4144-9251-c9269abf0387
12742,049ccf8f-8412-4ff3-bfea-2bc64776d1ec
20630,049cd0a3-86e8-4d6b-8027-394b7757821a
25583,049dc60e-e06d-4ca3-b23c-864ecd7779a5
23311,04a2b91d-1aa8-4db6-85a7-6bbc99919670
36636,04afa419-196a-4ba1-8b0d-7dfc48b2ba71
22158,04b379ed-9728-4701-b4f9-f5966944e5d9
24121,04b6cb84-d641-490a-8141-5426b15cecb9
21303,04b8ce92-a539-4d42-a326-06941a8e4d91
21524,04bb5f70-e189-4f85-ba5e-ffa01af9e3e2
31309,04bb64eb-3035-4efd-b038-5c6b4a0549d1
8125,04bca7eb-2a47-488d-a227-17dbda5371cf
7671,04bd11c5-64e0-4c06-ae8e-bae2d2f9072d
41400,04bdbebe-a045-4180-be72-45aff1d79fb8
2096,04be1816-8fba-45f8-a3d0-3ad05718e874
25297,04c06d4a-7601-4221-b9f7-5ecbb71b6e56
21371,04c1c834-0240-4f21-a628-2548f71d2dd2
3612,04c3b37c-78a2-4ac5-8336-744cf355d839
41185,04c40816-1af3-46b6-95b8-6a54b1ee525b
2579,04c9f2ef-1c39-4787-a003-33c02d264db0
48887,04ce410f-d9a4-4bc2-baec-b3a78fb3601e
31849,04cf9cb6-c924-4e80-98e2-a998b4b9b578
56914,04d257a1-1e57-4f3d-934d-113b1834b2df
608,04d3680f-0cad-4009-a394-33fedf5ee31d
45353,04d4dcd8-c009-476e-86f5-d00ddb2057bd
13507,04d69339-a879-4608-82c0-f891b4f10e7d
5602,04d82d45-21cd-4ff4-8da3-b0f5404b87d4
8494,04d899da-c6ae-4bc5-b73b-7f621a48d32e
1566,04db6969-ad71-45f9-85e8-5bcbef10c029
205,04de2b0d-431e-49f9-b5c7-7d1a54839030
58964,04de6bc7-3679-4203-b728-ac57f49678da
26904,04e206c5-35cb-4f02-9f15-bf3f1a24986e
50226,04e40ed5-922f-4b34-bd57-2fc6c7ccdde5
kamisama-ni-kago-futaribun-moraimashita,04e50c53-ac8b-4f3b-970b-01d078493afe
23598,04e54c8b-9d31-4868-a6ce-18b80cc1762d
35437,04e601f2-68c7-46f6-b351-fd7b219ae4f9
55681,04e8402a-5e1d-4f58-aa2b-24fad8ffab50
36792,04f1760c-37c3-4de1-8f32-ea1a93b0755a
8094,04f22916-0e69-4d58-b927-91b75dd28795
7251,04f45ed5-469d-44e0-8733-04174b6487de
7720,04f7cd48-d429-4741-b821-5689d316ac1c
41298,04fe6d31-460f-41f3-b56a-5e4f7659afa5
4445,04fe7b0d-a5f2-4ee5-b652-32d33abd76a2
8463,050333a3-2c1c-4b74-8b8a-628b20ccd76a
27073,0504da67-e636-4b3e-ab9b-48e8d4264fc6
11169,05052483-2aba-457a-9750-eae7eac9b895
44994,0509eb8e-e129-4b08-9398-5bf5198af9c4
9786,050ed1ea-bf98-4612-804a-1e045b90b0f0
2783,0510e3fc-a693-4fb5-ae09-80e63df31f5c
9656,0511551c-c6fb-41e0-9731-97245cc58e16
6847,0515dcf5-c6e3-40e6-8654-3dd5d61be4eb
58094,05181bf1-4b76-4d45-8f55-2d7c28416994
23797,051a71f8-355f-4426-aac1-56b68fb14ddd
57795,051ce60f-bf16-432a-89a5-a8d52bd16de6
55971,051e6a66-7373-4583-98b6-b746153041e9
20570,051ecde7-f728-4e4f-ab4d-5589a1f07d45
14374,05218715-dbc7-44f2-ae3a-1447695bdd03
56158,0523e93e-b753-4460-bdbe-f709861228bf
21664,05255927-1470-47c5-9e71-8ad6fa760824
3987,052a2c6b-e910-4b30-848f-0ffd341998a6
15248,052b1d84-519f-4174-980c-9e4cbcb5e366
46244,052dd24e-5362-48f6-b1ef-b7a6e1afeb5d
55288,0535f0ef-b7e7-41d0-9828-b711644a656b
55990,0536d3e3-670c-4b1e-b5ae-4c6dd9d83c96
31714,053876c4-5042-4536-a063-3da2e8b4a998
4857,053dc17d-0406-4b0c-aeac-923fa24f3695
16370,05424f5a-6278-40ca-a319-631bdef6c0d3
53293,0545097b-c325-4dc3-a619-cedce793dc61
24312,05465a70-d731-4021-863a-089acd9f0061
7253,0548abc8-ded2-4ece-96d8-b16ff5a709ff
37896,0551a84a-924c-4965-9af3-5cb31ba8b4b8
8765,0553551f-1bbf-4d53-9fb0-cf7cfee152c4
57272,055dc933-3579-4650-9e2e-a64d077865e7
27581,05667b38-4ba4-483c-9324-5d386015e022
27682,0566b133-c2dd-4e87-86ef-915050d1eec3
20915,05679d0e-03df-498f-a251-625d387d0efd
36464,056915a8-4320-4d57-9c48-9ec6abf7aec9
37373,05694d77-ecaf-4dba-b5e0-165f062439f0
9512,056c33c6-bea0-4d89-9f2b-3d35c1da96b3
4898,0572560e-b1d3-4c45-a5aa-46f331645c22
21362,0577dcca-7326-4896-a727-2b86fa73da05
3557,057b9b11-7bbe-4758-a6d3-501a60bba0bb
8568,057c7346-5a82-4119-a2dc-b0f769f18551
20193,057cab96-c972-418e-bd3b-ccf9ae1d8461
24706,057cbb2f-2c25-4f86-a4b0-66c8b0c90892
50978,057dda2a-268a-44eb-8e73-cee6a54cbdc4
49873,057ed6b3-1d3e-4616-aa5b-69481505aff8
7738,057f5360-c37c-4619-a6a4-cb5aea7f5f6a
5886,058192d1-8249-4816-8495-ee0555fa6b37
6665,05875db7-5d63-4157-86e3-7e148a851b63
53672,0591023f-4d7d-4959-a81d-135eeacb6604
17993,0591325d-191f-4632-a9e7-bae6fc64f120
27429,05953f79-61b7-4ffb-bd45-28d668912675
2511,059a37a9-844f-4fe0-8269-974dc9c338cc
39645,059a5761-1ef4-4d37-8737-69bbe49c4e83
20386,05a04e0b-43fa-46a5-a9bf-673b20f692a3
10712,05a3c33b-42ed-46ea-9f5d-a6344143dfed
53217,05ab8f64-34bc-4843-b686-45980d9256a5
41829,05b16175-c7f7-4a7c-85d5-fa45702bb2ca
7485,05ba257a-e70a-4ba3-9784-2230ec7162b4
41017,05be3fec-cdec-47df-b9c2-ebc6bbf7407d
19222,05c14279-72d2-4696-a974-59a7e709e3e3
56289,05c2917a-e0a4-4c55-abac-8be0f8b213e4
37169,05c5464a-babb-46f9-9489-a469394f1fe0
8471,05c6f020-e754-40dd-8e16-2516faed00cc
20024,05c874b8-6856-4d96-bd1d-8079eb365a4c
58692,05caf165-9c58-4b2f-ba5c-dcfe1d825215
38064,05ccee57-de43-4e77-8381-253ff81f6cd5
55112,05cfc789-5e97-4c0e-86ca-4dda1a8e952c
13306,05d03999-32e5-41bc-bae5-e510c1d6b9bb
3969,05d451c9-0320-448c-a89d-899863987ad9
23641,05d74a77-3f30-434a-9bce-f68e98596c50
26831,05e21132-17da-4bed-8b46-19a329211338
21605,05e41447-5317-4e3b-8e86-77206306d4b0
1042,05e61a90-210f-4680-b841-4f124f303ea0
9857,05e9b6ba-be2f-4974-b15d-29ca3cdb5d87
36781,05ebe01d-172b-4a17-af60-9e7184feb4a1
1976,05ec0988-dae8-4acf-928b-43c5f7209098
57154,05f0c39f-1ae0-403c-b521-85122d4db458
19686,05f1196e-c551-4c85-9a25-b600ab58b457
55459,05f282b4-5010-48ff-8729-90059e90de57
4351,05f3f58b-efd2-4d6d-bdf6-efd991fe5495
50235,05ff3e41-832f-43c2-ad19-000c3de3509d
21656,06020d3e-3f5a-4d18-bc73-6d12acda0370
4983,0602920f-3407-4aa9-b41c-8768cf2f2db9
51257,06045bd7-1aee-4044-b08a-87a9cfd6234d
3190,0604f907-17ea-40f5-bd44-05ec1ea23030
56508,0608d5ad-2b6f-46d3-b9a1-d4978d9df0b8
22034,060efa4f-3cfc-4555-b6a8-634d7dc84aa9
