6521,0001183c-2089-48e9-96b7-d48db5f1a611
150664,00016bf9-455f-44e5-ab27-55ac7f69aad2
47951,000983fe-d3c1-4e66-aecf-bd207d1afa09
3057,000b5d62-21ac-470a-b16f-40f35f4c5bfe
160909,000d87a2-63cc-4760-b7a0-8393c14fa6b4
30296,000f87d6-92fe-434d-ac76-da6ad9286acf
100897,0015dc62-5b46-469a-8138-e32a043e60f9
144517,00170e66-713c-40ed-aa75-8c029cdcc3d9
3636,00171d76-68e9-4135-8c2b-d645deebeb82
61206,00175cdf-dc95-4eb9-aa41-4c9c86088d65
147412,001a2289-ad1a-4544-b1d8-3465dbb14a86
11012,001c5f74-c18f-4ab5-9cd6-a46455932934
150853,001f4bb7-d544-4e5a-8efc-2abc012f4e09
876,00204d60-d5c8-486d-9dbc-868a91d27612
2019,00251b0a-d30f-4433-b20c-33eb76449f92
78234,0025e816-e52c-47da-88fe-fdd5a5170299
145586,0026cc9e-8150-4494-ba8d-50887726d974
84034,002835a6-c7e5-4ec2-a907-dbe32117b104
160278,002871dd-5d07-4204-a6fd-a33a44af2630
126941,00293f4b-8ccc-4f65-95ef-b1a0c32d5ac8
409,002a8f9e-b2e1-4841-8745-bd3d66f252e6
138921,003849a4-e249-4399-a199-34786b8ff91f
22019,003876eb-1b3e-4bed-a18d-a6ea486848ba
154271,0039eb9b-f6ee-408f-875f-7c5380232861
164295,003b5f82-1f80-4775-bef2-d5c5bc81f3c9
13583,003e1cfd-b4f9-4d66-9080-34455ac19a96
23870,003e7fbf-f047-4783-a7df-1533a2a653d4
163690,00446151-d199-45d6-8671-821db1151e6c
1078,0046506d-6805-4476-879c-5b398a84ac68
162989,005051e7-5e35-472f-b266-d3a37ce61ea6
154017,005143c6-d844-4e51-bd68-625cd66242c1
149649,0051e50a-e30c-4bb2-b378-c3da82463ee1
71740,0056e7a5-33fc-4aa3-97e1-6a74170c7f50
122088,00575427-0dcd-4905-b764-16f3aea8bfe4
71416,0059301b-9aa5-4dbe-98a0-a1cdde873332
22711,005b434a-f5ba-49cc-8a97-549ae4a386c6
110822,005bf9d0-afcf-4fd6-b422-3c4393ef8c23
164204,005defc5-b51f-47f2-8e29-da0f1e4c48a3
1975,005ff962-889d-4614-82b1-630ff97e846e
176411,0060d8ec-a17c-4273-b430-83233ce0818e
139131,0064ebff-4cbf-444f-bb0d-fbc824d1e370
153997,00686876-f413-49a5-a39e-8bd905d53c12
49147,0069d76b-26ee-4656-a1bf-938110bca4b2
138501,006a499e-cb23-42eb-bb60-d6ad8b4bd427
69563,0070370f-18a6-4289-8d82-8b1d7c7339d9
25072,0070851b-c8ac-4751-964a-4bb13d821f9c
6356,00710da8-d320-42e5-a76d-fa0fae6017cc
1474,00719812-4db7-4a62-bd47-f91c7b2fb86c
46377,007250a2-6dec-4349-bf54-61c62581a779
133108,00762b75-7f1c-4fd8-bb22-2385eb81cb31
135149,007c16b6-f30d-444e-b8c9-96bd8417192f
171544,007e8be7-7686-483e-9044-4aa2c85fe11e
139006,007ececa-e5d1-471d-9f16-a21a73481164
173631,008137d4-7b32-4bfc-95c3-8133aa184c28
76803,008511cd-ffc3-4ec4-a559-a6baeb2325ed
159801,00861d20-cb93-48d3-8130-9a9a46660ffc
8548,0088c8ad-eb0f-44fd-8e92-db2028eb40c0
139327,00893d86-c910-4247-b5cb-a2a0e0380012
152355,008cda8e-2c41-4c89-8c97-62bd17af0fdf
139216,008edf0a-2d29-4cca-abc7-f617e2baa6cf
56034,00904334-01f1-4174-a81e-9170c9f54b97
155683,00947262-6cd7-436d-bd32-12c010527ee1
79055,009917c4-ae35-4cee-b83e-47ba28f1bbcd
62920,009a2f1f-666e-43f2-b424-782daf5a00c8
111976,009b6788-48f3-4e78-975c-097f54def7ab
165370,009bd26f-23b2-4f6e-9ed9-ba49391c49e8
168065,009c62ce-6064-4409-9949-4f00ba6d593c
6987,00a2a2fe-c93d-4950-9ed4-9ebdd84b1fdd
145874,00a508ea-92c3-4a75-be73-14a0415c974a
173960,00a52d8a-5148-4198-b2bb-cd8ce619519e
152382,00a82fcc-997d-4139-9d2c-8935628199c5
125625,00af0a04-1535-4f25-85b6-7d1b119dc48d
93171,00b07667-f12a-4bfc-b6c5-208b2e003a98
154922,00b1bc4e-ff62-470b-9e9e-a0ce20ecc710
165472,00b4e5ae-2502-4f24-954f-f8412f4d22ec
125820,00b5305f-7770-4338-8e61-9871e57e3193
165513,00b64b8f-cb7e-4322-9855-3669fe210ac7
66209,00b82a54-2faf-44d7-a5a2-2ac80e516851
10493,00ba6332-cfd9-418c-a515-eb3a54cb7292
145008,00bda9c9-f057-4e0e-9b3a-875489529a4d
52593,00c180d6-669c-444d-a515-93463250ff61
148140,00c184ee-2e8c-4ec6-b16d-18651ecb7361
36295,00c6fa3a-b8fa-4120-a5ba-5fef268228f5
175,00c76090-a70f-4d96-a663-00c2e088ba16
54324,00cbf0db-2caa-4995-9bf5-570b6ff78eef
2126,00cf4464-60fd-49f8-97df-86c595acb45d
92967,00d033bb-0102-4d92-9348-51acf1047512
145286,00d27570-3fa0-415b-9eec-f4b04c353795
2479,00da3ad0-bd2d-4cc2-850c-4e61561cd176
4419,00dd8a7d-635b-4206-97f4-d42ae3992389
156815,00e07ecc-5afe-45c2-807e-bbcdea4e161b
177626,00e3ccc4-0ec3-4fd2-9c2e-a574b463f2af
146815,00e51ba5-08d4-45de-ada1-3e090cc43dd4
66019,00e73ebd-d806-4dd3-ba57-379785ca403d
52389,00e785b5-3a79-42fa-9d8d-8e63eb1167ab
159659,00e896e3-d038-445a-b81e-42ae91351344
130354,00e9b9b9-7c2a-4347-8b03-cebfa6f366a9
11053,00eab497-5360-4a3f-b616-093c79b809c4
20543,00eb5a40-9d63-44b1-9227-d0718ea8a795
3686,00f0abe2-030f-4060-b86c-411965eb1ffa
7853,00f5732b-8af2-4c5a-b2bb-e42bd8b25be5
6622,00f84604-101c-4aea-96ea-ecf85d8ffa68
175829,00f9a938-2f38-44b8-896b-aea6ce49da2c
142362,00fc012b-8d52-489c-9529-ee60934cbb0e
124030,00fc664e-edfd-42e8-b117-28300e2b1517
39665,00ffe1b6-b9e9-453d-8164-921ce9b91cc2
51630,01032477-8a98-4240-9b34-f480772d3c5c
123623,0103c05a-187a-45d3-8282-8fd49593b32c
109357,01049e59-a670-4c69-97bb-0e2d5f612e14
37063,01075765-3503-4d0a-a08e-f733a56cced6
11052,0107ccdf-3b90-454d-9773-f0ebbada147a
6015,010a2252-bdc9-4cd4-bbcd-603cc9c3c6b2
16661,010a452a-0bb0-4c2b-b258-6655c977b3eb
2781,010a4fda-4e13-48bd-be3f-8d6ac4dcdbcd
121918,010a8606-ab4f-4e3e-82ce-17f19b02f262
118656,010a8ee8-847b-44dd-a269-9ac472e9f91a
175120,010abcb5-c705-4dcb-a51d-49b2c518b673
148353,010d7f0d-c095-406f-ab2b-03ed8a5d2125
60269,010db7f3-385a-467c-afdc-1223989d23f3
132262,010f70a7-5239-4b2a-a84f-903187f58cac
79163,0110603c-92ec-463e-8d13-7651211e492e
73878,0111ec91-d174-43e1-9395-2dceb80ac68b
120363,01170729-06db-4c63-85da-39de276d78b7
138718,011781ed-ecda-4c75-b0b3-ea6b59bb27cb
165842,0118c3ef-457d-4aed-b1e6-ccf8ca9c3f18
144785,01194baf-f5c3-4258-9639-3f6b9c1b6678
37917,011a0e55-4e70-4280-8544-5426101e6ad8
52223,011a1ddc-8b09-44d1-ac5d-ab11226e6c49
173948,011a438a-1984-46e8-aa96-76cdf3f8fa12
170145,011a8821-8fea-447b-aff9-cb0212487eac
110294,011b52e3-4389-4f32-a7e1-1e799078fad2
123143,0123dd7a-8fb9-4004-a001-787598f93d38
104258,0123e7fc-a69f-480f-8b1c-c6e6e4136b15
118894,0125e2e3-3b0f-483f-9c4f-66975e2fd417
153,0127fdc7-ea80-4108-acd9-c1ff2c431d2f
151670,0129cd56-8bf6-4237-aab1-b1b599a151d9
455,012c7f69-cb95-4ecc-bf59-a4986a4dc35a
108445,012e8a2a-6a01-4733-9fde-ba1926d5b7fb
19074,012eb8dd-7e06-4f58-b88a-c47a5afe1477
24347,013ee276-869b-47ac-9973-09a4d7176708
154698,0142cd5c-c0ea-49c6-a81c-2379587d114b
140798,014374f6-c420-4361-9ee9-93675f7e36bb
147126,01453642-9d95-438d-baac-8c362cbe1a6f
119444,0145f01c-f29b-467d-aa2e-be3487829e23
113075,0147a14c-8253-4a1e-aa19-232827893106
109843,0148ce7c-7abe-4521-9711-70687f00269f
114646,0149b6d1-b8f5-4e64-bcda-7a209554381e
174848,0149daa5-89c9-4e05-bf4f-f2440e0d2db7
8670,014b8ceb-3a47-4004-9677-4a87c6186cac
91953,014bdf36-91ed-4f37-9224-9e565dd819b1
15076,014f4e49-cd27-43ef-ac23-1633113287c4
50817,01586f0f-6bab-4984-9b55-235fb40d1505
39749,01593760-623b-49b9-a9cc-a6bd4bbe19ce
115987,015996c5-423e-47c6-8759-9c2bdf8c8e3d
167353,0159bbac-d78f-4c68-ba7a-ea311e13fce8
140411,015bcba9-9fa5-4675-bf8c-12de897a5434
150615,015d7710-3924-465a-b302-6731773e9ed2
151075,01604e79-5c05-442e-993e-a5d0a870e499
154770,0162ca10-b0ce-45f2-ade5-eaf05b901ab7
147176,016552fc-64e2-4316-b4c0-64a7f766e999
3962,01686424-7099-4184-b544-50857aaf5b15
149402,016bb121-e1cb-4c3a-aee4-8312fed27b29
131463,0170b6bb-f017-493c-bb06-bd01b3457c04
66561,017136ad-ca5e-4b50-881a-fd276610d171
172076,01714ef5-e68f-4c54-ae9d-80a862b76629
150315,0172fd18-f9a2-4964-a11c-7d28fdd981db
76887,0176936e-eda3-4ba5-9de1-9a74d8048f24
4323,0176e6dd-a502-465d-8f43-70b6b2118276
166428,0177dc79-c099-4e57-a229-aaf36d880f34
123623,017ac572-b071-4e5c-ace1-7f60889e044c
48834,01881a54-c61d-4127-a6e0-950c31700f90
47462,01882116-3e45-4d67-b932-34f60d360086
123416,01895afd-83e3-4e01-a14e-23758604e9dc
161936,018a3a94-e806-4f70-8f47-6205f98108b2
176115,018c2577-f29d-42e2-9e74-979e03bd8930
7494,01939907-5f6e-4007-8a6f-220085de3d96
1084,01951f30-6134-430b-ab8f-4db21e4ad248
166958,0196e55f-12c3-42ee-825a-f9e343e72dfd
147733,019dd911-cd1f-4bfb-839c-642be1472ba4
157817,01a2c59e-1eac-4788-a699-9039c08f2955
105471,01a34e62-a4ef-4ca9-af94-05203367e00a
4155,01a3e58b-c34f-4470-8cc5-b7121092f374
145565,01a405fd-e9f5-42b1-8840-3613ebfedee3
https://www.mangaupdates.com/series.html?id=54465,01a593de-3451-482a-b6b4-e6f1f3bfbb4f
130590,01a931cd-3f51-4dd5-a657-9c1e5109a205
117360,01aada03-59e2-4f3f-9302-4655ec2e7016
56314,01ac8dd3-a4e1-4002-8b00-0dc4c6a42676
5629,01b012fe-95b4-48fc-b071-c5bc90bfc5a5
153556,01b09fb7-b178-4e71-af24-5c5e34e7ee38
78347,01b57ab5-3e12-4ab1-848f-87bd2b9b9345
1338,01b6fdbc-d34e-4bd6-bad1-1a1f41fff246
163016,01b749a6-1cff-4880-a748-a32580e1a04e
131215,01b9b9f8-a480-4fba-a28f-153a198f8d07
5333,01bced4a-4ce7-4309-8e98-a9fc1c89f5c6
141856,01c06a47-d844-4e4b-8915-f059ddcf9dbb
166466,01c45f14-a731-40d8-b99e-143a3a9c9a6f
153251,01c49237-fc9d-435c-874d-99876b3c8598
141808,01c5955b-2a2d-4353-a4d7-e35179235993
397,01c60e88-6a8d-449b-a538-f4946070b108
33637,01c75d8b-6e6c-4118-9fb1-8742ba435959
122046,01cacd13-0c34-4154-858b-42e746986bd2
153787,01cb69ea-4558-42b3-9e47-f58e6bb8c5e2
171314,01ce66cb-6011-43ac-a91f-2329c66a73e6
164317,01d06d0c-68d5-4975-9b22-06900a1c13e7
67070,01d12ee3-2524-43d6-87cf-5216f0d36a87
18016,01d13025-e2b2-4f6e-b45a-b57115dd56cb
171033,01d28dea-6cd5-4db2-a403-71f04752a001
154873,01d3b5f5-1809-4b41-9184-69f33aa96f18
109444,01d46dd5-a8d7-4b27-af77-3c32155e4a77
158462,01d483fe-cc41-4a35-ac15-e0a2d761f342
36981,01d65ea4-1f0a-4ccd-96cd-3727b8a7bc94
138238,01dde6c5-4d40-4abf-82d8-ddba3435112a
73685,01e01102-53d1-4bdf-847b-90cfe5b6415d
113590,01e02eb8-f332-46b8-aff5-9809da058fa5
23661,01e1c180-7fb3-4715-999c-5f197bd27a8c
30893,01e6296c-9c0f-4329-8854-036aec11595b
108168,01e7e7d0-8ee3-4f61-9d60-e3871c3ee3f0
71730,01e81714-c14e-42db-b03e-808a13a24fb7
88278,01eca861-048f-465b-94cd-46fb862b4dc6
158411,01ee4e2b-4e3b-4874-a0ed-7974d33cb02e
123329,01f3a192-4597-4a9f-8e66-8290cead46c1
6487,01f4082d-530f-4b84-b706-83502b6783fa
105639,01f42a49-038d-4991-a0b2-37a1684bacd9
2321,01f5d236-58d7-4db0-8860-5045b0e5f52e
155598,01f7c3de-e02d-4e31-b23b-4d835f4d89a4
156343,01fb86df-973e-4309-9dc1-028bbdea1a70
153415,01fce4c5-a47b-485c-9d7e-445bf52603a8
71104,01fddd87-3cfc-4bb8-b6b9-01c3f66b7cf7
1427,01ff072f-c524-46b0-bc79-e81ae84cc137
68994,01ff32eb-c886-4bd3-9b78-6eb01a157a85
40641,020094cb-ca28-4d0c-8556-3f369a68673e
150936,0201302a-9982-4047-8ce9-dae040b18718
150948,020baff7-1f49-4734-b199-c3451bc9d891
106332,020dc431-58d2-4a31-9221-b26b2dce149d
160656,020f68ad-6548-4882-ac8c-132814b7f1bb
2349,0215e52e-b0fe-4ef9-9bcf-32dd7b12084b
168613,021771f2-566e-439d-babd-3efdee626740
118861,021825be-9363-4d37-a2e5-e1b5dbe760e0
39489,02190e3f-e3ba-4f9c-8186-7d68d1a7043b
58162,021c2ce4-6179-4d99-8ffc-3013cd3eb784
152730,022003e2-2c73-4db1-b14e-681437ecfdaa
13107,02224f3d-1927-4738-ab43-6948b5b0e966
154430,02226899-ab9f-4676-b786-adc339cda99e
5105,02233916-d3ec-4d62-b1b4-35d53c085943
2630,022462bb-c4c1-4885-b9a3-145ccf1db400
46357,0227d5b2-e1db-477c-9636-00c022018d86
148137,02283ca5-e1bd-448d-8852-717110da27fb
148186,022978fe-575f-4a8d-a8c3-dadc28ee12ce
10211,0229f648-85d5-485b-add5-7c902f16b5c6
144750,022b4cea-e7c4-4458-901f-631f628cb3cd
115437,022c619c-f8d1-4b97-b142-2d7f602c2805
15049,022dcbac-54dc-4a96-9fef-91c29187b122
166718,022fa724-d9e4-4f39-a975-efadfa1544f0
46484,02311077-b419-4a6f-a470-8f978a6205c5
34352,0231899c-c94f-4e05-85f6-d2b4554a633f
107509,023460bb-26e7-4c09-a3e2-a7c21254cd67
54645,0236b931-3fba-45dd-827d-2a7300aabb1a
151968,023736fb-746c-4e7c-b093-f92700f49cd2
103902,0237e46f-07a8-4446-8359-6ffe97777a58
172809,0239626f-1626-4779-8ee9-f226e0c1f37b
15373,024082dd-1972-42f0-836c-2235ab13ffb4
13032,02440946-16ad-4d07-abd2-ff14a7f32060
4739,0244d403-5842-40e4-a9f5-325c07184863
13515,0244f24a-39a4-4b72-b803-24904eccb716
133737,0245ccce-fa98-4881-b882-96a7c8552eac
178528,024af7a5-f8ad-4b67-b950-b1708f52b018
728,024beb17-9baa-4daa-bc70-49e3fd74758f
170104,024dfcb1-0162-4e81-898e-ac20c4eed21f
129381,024f0744-7ced-4cd3-9aa8-3b4b551d989b
128057,02500c86-5d84-4492-869c-a70abb4b8d5f
50674,0252c37f-5002-473e-b3ab-7c46f545fc8f
112156,025320dc-5bb5-4be5-90ab-e30d8471503d
148659,02541091-9e86-4dee-ba4a-765be5c9671d
48100,02549615-5b8e-4c26-be81-9474a1f53eee
53004,025659a9-d380-48ac-90a5-0b82197fea13
95804,025c4e6a-4636-4c7d-a2d0-281674ad080d
107547,0260dc22-6d88-4720-90c6-c33f046e5f98
49427,02624192-5385-45cf-82f4-17ea233eb847
39370,0263b361-5288-415a-ac43-2a8bb998980c
51531,0267d3e5-fa01-4143-9e00-3c1301697fd7
169979,02681f18-056b-4b76-90a4-580e36aaeb18
105706,026a196d-4876-498e-aa9b-324ddd63c0fd
70957,026dc550-36b2-452d-9b3d-7a9063e47500
149928,026ee1e4-2dcb-483f-993f-21a5ad884468
25782,0270529a-eed5-48fc-b6f6-781c12e1d03e
147150,02718594-7b6a-47d8-9c49-6b8fb6586865
76849,0272f671-0a04-4236-9852-7eddce55ed1b
115011,0277c940-eb2a-48f4-9df5-0a5038206706
157056,02792e77-d4e5-4789-a086-9f5609e533f3
104793,027b5732-ebda-430e-9e09-c6b003d82baa
80639,028240e6-d308-415d-8fc2-1e9060eb4108
93900,02836d04-1740-4987-86db-d387501f3921
185,02860cdf-1020-40f1-a23f-2025d80f6290
163524,028da74e-5242-4b8b-98c7-544f36a141f2
149140,02909dc6-14bf-4c80-ab6a-766893e97e25
40368,0290d99b-9976-40e2-aaff-67e542e12c09
171132,0295d266-4870-4ea3-814b-35f9afc7a9fd
83813,0296dc0b-7635-4154-927a-33c2244c4503
158300,0298d204-5a11-4e06-ba18-12d9c1d5663e
164608,02996c7c-ad97-49cf-adc5-015110df101a
170499,029b43db-16f5-4842-a61f-a5dee1e4fa4d
9914,029c0606-410e-431d-b450-a23820a59648
140317,029c8482-e47e-46c1-a8fb-f4ab41d5c2d5
11211,029cec9b-fd34-4efd-a2ac-7bd2891342ce
149197,029dce00-8b2b-44a8-9f27-36fea289f7dc
49261,029f797c-9457-488d-89b4-e3ac8e66c608
166651,02a29db3-80cc-48a3-a655-cb9cfbbd5a20
94522,02a5e113-fbae-49c2-a470-5c64cfd8a0d3
555,02acf661-d1b0-4bb2-b56a-2549931550fa
149719,02adf3a3-210f-475a-889f-1db74c58e1f5
116029,02b25b39-9529-4516-906e-73f9687f48d6
21408,02b30f7c-9327-4c35-84d6-c270b596cc06
17638,02b32a9e-bb3a-4527-92a4-70d6963b7dd6
85968,02b5f3f6-f13e-4ef2-9876-e98170ddad35
119728,02b6484e-5bbf-4f86-aaeb-6ce1a52b9aa3
65424,02b92cb7-2af8-4861-9804-7b34b4232b40
169760,02ba37fa-26bc-4e90-92fb-c4ba1c27558a
147857,02be54ac-b1bc-496c-a496-bcea5356bcb5
166650,02c072ca-05d9-4c38-8c9f-0464f75e62a6
120815,02c28b42-8f87-4121-b60c-d664e405bd6e
64545,02c712ec-ef02-45c5-a301-d963aa76d119
166370,02cc8467-4aa0-4da2-976a-6ce547f35f5e
5609,02d1de9e-cdca-4726-b6fd-3008ee65eb83
11216,02d23572-90bd-4c2d-9ecf-fc8ee4db11b6
69172,02d3eb01-11e9-4eff-b522-fffa3ca63619
147741,02d508cb-bf79-48d6-9f80-e0da569f1ec1
144977,02d52772-375b-4af7-8003-e7c82229b0ec
154007,02d5f7d6-03dc-46a8-b495-db514c2b4fff
1236,02d9f3f0-7cb3-4f7a-8176-b3c4d4c85623
54995,02dc0f0f-e236-45d7-800f-cf2df02170ec
105499,02df0f4a-7ee8-4e15-a528-1727a164fae5
3761,02df80ee-f4e9-4188-800e-4cf3334529ee
18175,02df8444-0012-4efa-9463-9f20c64771d4
104614,02dfdfbf-8b72-48c8-9854-5d44ae1ddb25
110396,02e472cb-e833-4031-b158-a5e645e6a56b
3988,02e6e17b-c7c9-4f92-8cff-5c9eb58048c2
126,02e771ed-7a3b-4c6f-bca9-4bea426b90e3
588,02e84544-3120-42aa-a591-6057fa87e9d1
141971,02e94bd4-b716-404c-b4e1-132cce6bee68
69681,02e9d99f-bd00-4ce7-9e5c-0d9a976c7f39
84978,02f05f8c-3beb-4a63-bccb-9d47a563005e
153570,02f0f46c-3c5e-4338-b20b-ee782cc11932
167598,02f1158a-af1f-4559-9ea0-54dcadea7d04
128671,02f15c46-30e4-4a03-94f1-78ab35e0346d
178253,02f15da7-3fff-4bb8-a861-7537c0c568a0
108547,02f5dade-938a-4e5f-b05c-63ac14239e55
53994,02f624ce-2853-428a-a85f-0ebdf36e44f2
3591,02f96300-7459-4d9f-9d41-c2988157623f
87701,02f9991e-a743-4819-9645-b8d8eac02d2f
15452,02fbb5d6-7392-4a4e-99a5-2eadc1de9330
46540,02fd4de6-deaa-46c1-8344-6c3d280e6844
145250,02fe0520-c6c7-4d00-9e05-f3082c8dc1c5
49349,02fe9f7b-95a7-4f2b-a72f-639a55f46d33
119682,02ff6306-f843-44d0-ad51-e2b257b0af99
174958,030157c5-08d1-44c9-b0ed-9d9234f96dff
38410,030539f7-fe9d-492c-9dc9-91b10b4f3eb1
716,0305dfa7-352d-4ead-9d80-6af61ed6cc94
62291,0308b627-23e3-496b-bd13-8fd7c7265b64
147196,030cbf03-a3a5-4ff7-90f2-c2c6a133d48f
177983,030dab73-ac7b-408e-a82d-87c2721bf89c
19,030e6c39-7370-48c0-918e-6153e4a8828d
155389,0311b163-a021-4c27-bd26-3f83f280115f
134327,0314420c-1e7d-4796-8d11-9a6aca05ce6f
78843,031838d6-be82-4a57-a83e-6fee93fdc463
33813,03192d0a-3bcf-46ff-87b3-475dda000784
2996,031cf94d-f989-4b44-9939-c2bd426875e9
53029,0322ef6b-c09a-4d5d-a11f-8e597aaeade5
143024,03253c72-519e-4f43-b621-e1b2d1fd0738
173006,0326c072-c5cd-4b04-9a35-c0033a1c1a1e
157252,0328cd58-d519-45b6-abd2-049cfe63790b
40335,032938d6-9a20-4b97-a37d-3c4f68a6c9ec
120758,032b3391-2938-43b9-bf58-d62c783a41c4
1163,032c989c-1051-4891-bf91-05de7e54b360
156962,032dd9b3-d7b9-4297-89be-ff918c12b2f8
81442,032f2724-e0f6-4af8-95c5-b3bf35fb78d0
171478,032f800d-d632-4442-8830-d037d616ead4
144968,03328215-d422-4e1d-9029-07e0dd9db61f
107459,033371b6-13e8-4faf-a132-093e2172b8d3
113479,0334512f-b416-477d-8cf7-a7c0fade76ff
128514,0335e6e7-9080-42bf-a12c-3e3343abd727
16768,033ee7a7-d9f9-49cd-8955-30440ac8cdf5
140313,03426dd2-63c5-493e-853e-485d7c7dc9c0
697,03445f01-f914-4251-87cd-c0712bcb1e6e
125777,0344b7df-7006-4e5b-8d16-bbe1d54c67d0
97124,034677d7-535a-4ea7-ad2e-71838ddadc30
153826,0346b0eb-d56a-4b69-af71-5cf283792372
105109,0346c2d3-9077-4150-93c1-7d6eefc2b1a9
159054,034c5f07-ea13-439b-801f-4a10f3c3debe
107562,034df005-42b2-4a6c-800c-78c858d8ec10
91243,0350eeaf-acf3-4242-a0e9-32c565291974
41501,03538add-cf55-457e-a671-75f398883bd9
2107,0353f06e-dc02-4dcf-b413-5a4f9120b28f
68460,0357c851-ef9b-4c8c-81a1-cd8a903dafee
7560,0359b73e-c908-4ae8-9e7b-236c834044ca
144660,035a07ea-0308-4059-91bf-77126dfce7ba
153752,035c17a2-0a1c-40ab-a07d-0c23bf6f3ef6
45961,035ced67-13a3-4ae7-8342-a23d641d2869
96787,035d62cd-8540-47e7-a69b-415840d371a1
97763,0360a5fb-03fc-46ad-b72c-0084c8ddc0a7
52319,036211c1-dee3-466f-b4ac-89cd64251843
74672,03622e07-ef72-478e-b114-02277b5054ee
554,03662d57-4646-4d8d-bdaa-82c44a8d25a8
365,036766ea-5d89-4f3d-8cc4-6d7bcb128b2b
55568,0369b86e-a289-4e3d-9c10-105d4144baea
129096,036a3f74-0525-4524-b2d3-5ef37d4f5003
152626,036b8332-5dcb-4886-bd7b-1caaec2e276b
163600,036fce64-6de7-4668-b7ba-66596d32e059
162605,036fecc8-1e0b-432c-95b5-5c2758cdc00c
2813,03708800-ca65-441f-968e-b8dc33951c9a
166544,03730769-f30b-4133-b2e2-afb1b4985f4a
60525,0375994e-445d-4c7c-aa05-888996ad11a7
4512,03763008-068d-41a7-9600-dcc755019f39
157356,03768bc4-1466-435e-9bad-b733f25ee29f
50489,0377b109-e5e8-4ebb-824f-3b15b553c5a1
59472,0379dce1-e895-4247-8d1b-549da5eb2c48
158242,037a8416-e385-4141-b0b0-1f512c51c24f
27132,037b2025-acbc-4937-8279-523c17dd2734
150451,03833892-7cfd-44f2-9d15-6b207c771009
5201,0383555e-c252-4410-8e18-7eba6f9db0c3
57645,0385b879-b1cd-4603-8b8b-dea5b335e9b1
54730,038672d9-0e71-4d10-b3a3-04c488590e64
139491,0386ed2f-7817-4706-8e5c-360b635bcfb6
138397,0387189e-f698-4135-8643-f5edb266aad7
2717,038740e2-13e5-4e5c-a774-405cf9419b51
7588,038859cb-a920-4420-b5f5-43a8ca520c5d
34102,0388c95f-5093-4e57-ab9c-43fd5a80da0a
141016,0390899b-c0ae-48b3-9b4e-937ebcd9db64
147164,0390b0ce-65cf-4380-8899-cdc217383fc8
12229,03911f4a-33cd-4305-bf27-dd0c01aca7f8
27165,039826b3-835e-4fbd-a4a8-63a0069916a0
97317,039d717e-9690-47fd-944d-93161b97fbac
64883,039e7cc8-c1dd-493a-a529-1e27de819336
46397,039eef76-4446-4c01-8bdd-8b009a10c36c
158089,03a0487f-b933-40b8-8675-ab51b1984390
343,03a04d3d-067a-4007-ab55-f7d1f6fa63ca
41725,03a2ec1f-339e-47ad-bfb3-4f00edbccb4a
118801,03a3d9fe-f12d-4683-8023-90d29cae67a9
126628,03a9d0a6-50ce-46b8-9f66-f525a6a8451b
162985,03abaa1a-be69-4779-b629-41b2f1a8cc94
155087,03aebfcd-dc0d-4f0c-b2e2-7f0bd56e8ae5
129953,03b16158-e216-4385-8796-27ea645d74bb
1252,03b9e5f9-7834-439c-96e9-b9842f702dd0
6214,03bcdcf5-1550-4ccb-9c4e-4793cb4b8380
850,03bd0718-3e94-4016-9a8e-c320f44ab2dc
64105,03bd434b-bbbc-4fd6-8985-2324a6be08c5
84138,03bf0fb2-ae8f-4eff-93a3-a7cc7518061d
2253,03c2bd97-c26b-452a-909e-34d4210da718
75397,03c3b737-ac5e-4e58-bbf0-7c626114b589
72659,03c42f22-3397-47b5-86d6-43def0cd5e7c
153109,03c5d091-3007-4a4b-80a3-ad673dfe47ab
5926,03c6121f-fc92-4121-b9ee-bf360a094aba
759,03c994de-ee9d-465d-bd32-d8a8c3b4cb4f
176100,03cdf755-df46-4dc0-94dc-7816e099cd01
170154,03d11290-93c0-4f20-890c-49e4eb0bbc82
75399,03d113b6-8cb5-4980-9378-f41a28468f87
54053,03d4f67d-2142-464d-93f4-dadfcc0dc643
64591,03d50963-b105-4dc4-a413-c1bab9048491
151400,03d83c53-e9c8-452c-869e-4dc632b03af8
88476,03d919cd-6ace-4516-9acd-122c203f6898
134622,03d9db25-c6da-44f7-8325-bdd91cb8e786
5755,03e11cfd-32c9-4873-a1d1-7f71fad05652
106296,03e3f6ca-53e3-4895-888b-697654f6898d
153118,03eb6c43-9006-477b-9297-7c4bacb6f694
150896,03eee952-1a7c-406b-8998-a85b238999d9
153171,03f093d8-b9ca-487a-891b-4d2c5fc99601
11642,03f728da-22b2-4caa-8ec0-0ed9cb857bbc
153177,03f7d7b9-9639-48ab-b346-fee6883be261
11725,03f7d862-123a-40ea-96da-bca2eb6168b0
2512,03f8725e-40b6-44fb-b5f3-c13a702c2b02
75110,03fd9260-1313-4a54-986b-f210e0b4d925
52986,0402033b-1057-4275-bd25-7994b95cbcd8
175255,040598d9-5d22-4573-9cb9-b0aaecdc5c7f
3651,0408ebad-98ad-4e6f-8a0d-0399f21e955a
174274,040925fb-a546-4c5b-9ecc-a00bdd6a0e75
19623,040c1cce-7512-4453-824c-68f14cff5e29
91050,04103f7d-1037-481f-8142-1235364747b1
12186,04107609-23b6-4b18-a46e-4df5b1d8b9b6
121558,041086e4-5120-4e3c-a811-f21938a2402a
98209,041478a2-66b2-4f88-8895-eb07bc9bb248
3084,041ecc98-6e70-4b3d-8a94-ed1245d5ba28
132218,04218e3d-f38b-4c87-a6f9-8d64f2af8521
157597,04221702-af13-4650-abc9-f3e66c7a63bb
100514,042490eb-6186-400f-b79c-d2bd31aeaf77
170770,0424a8a4-500d-4ba1-b7cf-214ae7792136
144425,04274aef-2b83-4425-89f9-a1028fe58138
132519,04277256-e205-4599-af71-755aab26bc89
155826,0428160a-8e17-441c-91a0-e18dec2712c6
1581,042858df-6099-43b5-89be-53d4e27ebcb5
96790,042b4389-a26d-4505-b96b-e9d5fd731f9c
174061,042f2af3-24df-46ea-84de-86e4a8f2e62b
102894,04329c2b-a362-499e-8fe4-123901cc5a00
35239,0432bd8c-a475-441e-865a-3489d591b593
138818,0434fdc7-fa28-4bbf-ba95-e2169369e447
145707,043660c5-5372-4be5-ac8b-c5fe5124019d
151804,0437a954-2c50-4124-87fa-6bf5e37e18b5
57741,0437f809-907c-4636-b04a-17f79b7c484d
68711,043a0843-49ec-43e8-a72b-bf6c2bb083a9
170946,043a10f5-c16d-4402-bf82-0f3e8a33de29
12449,043d7872-4e1f-41be-a271-d7e0547fa234
119610,043d7c9a-08c1-434d-8037-24d32f57831e
2982,043f3e96-1878-4978-bf33-f22751da81d1
81881,043fb287-26b7-4089-87e8-5d72e8ea6c8f
115967,0441604c-1b94-49d0-8848-a527ba3e7a3f
156074,0446d5a3-2a35-4a0f-91bc-57617ae7eb5e
106094,0449364f-2306-43ba-9cd6-53901a4be263
53675,044990d2-4b23-47bd-a25d-dce9c141cd34
121264,044a058e-71af-4169-a3b7-c319c7e8d99a
15840,044b6b3f-d807-49e8-a1da-2c0de173f7c2
166276,045026a0-a9f0-425c-bb61-90c71887428b
12106,04528b4c-bcc5-48b4-9af4-096060ad278d
25778,0452b060-349c-4422-9da1-12bafb9d6724
178135,0453c4ab-ba0e-4146-841c-96fe83cb2790
149621,04598a65-4f1f-4807-a419-d79ca7f67457
95548,045ad1b2-090a-4f65-ae8e-c785eb7f59b3
146587,045fcc56-2964-4990-a293-4eaf80d3005f
501,04619453-a172-486a-bbcd-d1f743ca9478
173416,04671232-7423-4171-be71-9ad911160532
3765,0467e7e6-b434-4ea5-89ee-18ff14a9da16
159435,04680398-7650-487f-b3dd-ddc381797a49
52979,04683ab2-89d9-431a-8b3e-72e23be543b7
84153,046a72b9-2940-4798-b01b-cc29c2cc23a7
102007,046a7583-7a00-4e4a-933c-aad20a3aecc4
1991,046edc6a-67c5-44ae-9afb-e789e108e170
109750,046faa25-f932-4f22-9ad1-e547b36dc2a9
105209,0473f23f-3ee4-4d85-8fe2-f97218f1ef1d
171467,0478e520-9d58-4c39-87c6-67b2df8cd59d
46871,047a9427-dfcb-4bb6-a6d7-f762479f22ea
126997,047b49ae-7390-44e5-8a4d-5324c928e351
158865,0483d2ef-557e-43ae-9761-2f2f0677625a
6137,0485fbf8-943c-4397-b59f-ed97e500d0b7
146742,0486e6b2-6551-4938-894a-4e7a72749b47
142254,0489348f-8a68-4c21-9c67-508c46d9c787
134645,048978c4-b9df-4fbb-b781-86667d1a4f5a
28164,048a257f-9c44-40f3-b6fc-5cbe2042c31d
102310,0491bc8a-bfaf-4732-9503-3ac5c4208aba
38908,04958ebe-66ed-42bc-9d89-7fdbd50f9918
118009,0495bbd8-a25a-4603-8710-7904880e5bbb
173956,0495e9fc-9557-4f53-be80-79ce5feea7cf
145228,04976d19-0417-4144-9251-c9269abf0387
137494,0499c0d1-7b7b-46c6-a8c8-f301914657ce
132393,0499fc91-fc19-434b-8e66-7dc2fd93a2d7
14892,049ccf8f-8412-4ff3-bfea-2bc64776d1ec
79434,049cd0a3-86e8-4d6b-8027-394b7757821a
89506,049dc60e-e06d-4ca3-b23c-864ecd7779a5
80559,04a2b91d-1aa8-4db6-85a7-6bbc99919670
136152,04abb0d6-70bf-452d-b1d5-eda2bd8a22a2
107951,04afa419-196a-4ba1-8b0d-7dfc48b2ba71
156221,04b138cd-fd73-4d6d-8552-8d1de84821d2
164979,04b35203-e080-4142-884b-e1c8bf5b3bc9
73144,04b379ed-9728-4701-b4f9-f5966944e5d9
70575,04b6cb84-d641-490a-8141-5426b15cecb9
78208,04b8ce92-a539-4d42-a326-06941a8e4d91
82732,04bb5f70-e189-4f85-ba5e-ffa01af9e3e2
29998,04bb64eb-3035-4efd-b038-5c6b4a0549d1
52894,04bca7eb-2a47-488d-a227-17dbda5371cf
163253,04bcd607-56b6-4381-8f9d-6b031b8580a3
49006,04bd11c5-64e0-4c06-ae8e-bae2d2f9072d
66528,04bdbebe-a045-4180-be72-45aff1d79fb8
89195,04be1816-8fba-45f8-a3d0-3ad05718e874
103457,04c06d4a-7601-4221-b9f7-5ecbb71b6e56
17801,04c1c834-0240-4f21-a628-2548f71d2dd2
153431,04c350cd-aa7a-4833-943c-6999495cad35
37881,04c3b37c-78a2-4ac5-8336-744cf355d839
135834,04c40816-1af3-46b6-95b8-6a54b1ee525b
155508,04c7c56a-f4d9-484d-8e48-8a35dd38fa90
48241,04c9f2ef-1c39-4787-a003-33c02d264db0
157593,04cb0726-1de0-44c4-9790-93eb411b3986
81154,04ce410f-d9a4-4bc2-baec-b3a78fb3601e
71420,04cf9cb6-c924-4e80-98e2-a998b4b9b578
167163,04d257a1-1e57-4f3d-934d-113b1834b2df
2520,04d3680f-0cad-4009-a394-33fedf5ee31d
134336,04d4dcd8-c009-476e-86f5-d00ddb2057bd
94526,04d69339-a879-4608-82c0-f891b4f10e7d
3137,04d82d45-21cd-4ff4-8da3-b0f5404b87d4
9493,04d899da-c6ae-4bc5-b73b-7f621a48d32e
461,04db6969-ad71-45f9-85e8-5bcbef10c029
168525,04dba92e-70f7-4fff-a5b5-7b5b8c65e90d
734,04de2b0d-431e-49f9-b5c7-7d1a54839030
158124,04de6bc7-3679-4203-b728-ac57f49678da
126188,04dec31b-3451-475a-9bb5-06bb86e19002
115061,04e206c5-35cb-4f02-9f15-bf3f1a24986e
143965,04e40ed5-922f-4b34-bd57-2fc6c7ccdde5
160615,04e50c53-ac8b-4f3b-970b-01d078493afe
85912,04e54c8b-9d31-4868-a6ce-18b80cc1762d
46304,04e601f2-68c7-46f6-b351-fd7b219ae4f9
151420,04e67050-5d08-4680-9962-1fd819ac7a15
166114,04e8402a-5e1d-4f58-aa2b-24fad8ffab50
104726,04f1760c-37c3-4de1-8f32-ea1a93b0755a
5573,04f22916-0e69-4d58-b927-91b75dd28795
165590,04f2b88a-e167-410e-ac38-4fd4777f4e0f
2415,04f45ed5-469d-44e0-8733-04174b6487de
177534,04f6660b-0018-452d-844a-a205594dd66d
94742,04f7cd48-d429-4741-b821-5689d316ac1c
132245,04faa97f-a77a-4f8b-878b-554e795d342c
152763,04faab35-5107-4406-9d1b-63d3de9c4f2c
138751,04fe6d31-460f-41f3-b56a-5e4f7659afa5
599,04fe7b0d-a5f2-4ee5-b652-32d33abd76a2
53022,050333a3-2c1c-4b74-8b8a-628b20ccd76a
113159,0504da67-e636-4b3e-ab9b-48e8d4264fc6
7241,05052483-2aba-457a-9750-eae7eac9b895
131208,0509eb8e-e129-4b08-9398-5bf5198af9c4
33916,050ed1ea-bf98-4612-804a-1e045b90b0f0
48526,0510e3fc-a693-4fb5-ae09-80e63df31f5c
59524,0511551c-c6fb-41e0-9731-97245cc58e16
175465,0512e2a1-a241-42ab-ab19-24f092a769e4
3903,0515dcf5-c6e3-40e6-8654-3dd5d61be4eb
150387,05181bf1-4b76-4d45-8f55-2d7c28416994
42095,051a71f8-355f-4426-aac1-56b68fb14ddd
8436,051aa32b-07a7-40b3-a1d7-ae96b7fe02de
148372,051bf194-9f3f-47b8-a5f5-95d4678796e3
164558,051ce60f-bf16-432a-89a5-a8d52bd16de6
154045,051e6a66-7373-4583-98b6-b746153041e9
31806,051ecde7-f728-4e4f-ab4d-5589a1f07d45
107036,051f3400-6e8b-4b60-8679-da219d49d9ff
18040,0520352d-fa83-4846-a034-54c8a44704de
7370,05218715-dbc7-44f2-ae3a-1447695bdd03
62823,05255927-1470-47c5-9e71-8ad6fa760824
166860,05279856-7727-4ff2-aa5a-9e5363c50bb5
24601,052a2c6b-e910-4b30-848f-0ffd341998a6
30876,052b1d84-519f-4174-980c-9e4cbcb5e366
155878,052dd24e-5362-48f6-b1ef-b7a6e1afeb5d
26747,052e5256-6d5f-4591-8b17-35f628085a9c
52481,052ea3e5-dd00-4cf2-bed5-bc404469d7a6
178712,0531e50a-78b2-4e79-8e8d-c0796493dcd2
142546,05323b25-8eba-46b5-8e22-e2af4a47620f
152286,0535c66a-d845-45d6-96a7-300111a13e4a
148158,0535f0ef-b7e7-41d0-9828-b711644a656b
21130,0536c8e4-6d40-4936-a4df-80ade9ca7396
157245,0536d3e3-670c-4b1e-b5ae-4c6dd9d83c96
99380,053876c4-5042-4536-a063-3da2e8b4a998
62828,053dc17d-0406-4b0c-aeac-923fa24f3695
79285,05424f5a-6278-40ca-a319-631bdef6c0d3
147063,0545097b-c325-4dc3-a619-cedce793dc61
20573,05465a70-d731-4021-863a-089acd9f0061
3499,0548abc8-ded2-4ece-96d8-b16ff5a709ff
162161,054fa10a-395f-4fa1-a052-9481ebff2302
86466,0551a84a-924c-4965-9af3-5cb31ba8b4b8
3041,0553551f-1bbf-4d53-9fb0-cf7cfee152c4
80840,055ccb8d-670b-46fb-bdd4-31fa9b94d01b
106572,055da9ac-5d5b-4fd2-8ae9-a1eaed0a93ec
164292,055dc933-3579-4650-9e2e-a64d077865e7
164923,0563aedb-ecea-4916-a6a3-44e047ce0ac8
153628,056565a9-7a75-44ae-be72-7ef261a47a4a
115606,05667b38-4ba4-483c-9324-5d386015e022
115957,0566b133-c2dd-4e87-86ef-915050d1eec3
38240,05679d0e-03df-498f-a251-625d387d0efd
123371,056915a8-4320-4d57-9c48-9ec6abf7aec9
126643,05694d77-ecaf-4dba-b5e0-165f062439f0
122474,056abe09-ef2d-4ec8-88c7-a9818dd3f043
1208,056c33c6-bea0-4d89-9f2b-3d35c1da96b3
168951,056d932f-980a-4cfc-865e-9bec6b7d98a6
12821,0572560e-b1d3-4c45-a5aa-46f331645c22
131066,0574e1e3-6c8e-41d7-bd8e-2499ab559876
66008,0577dcca-7326-4896-a727-2b86fa73da05
18027,057b9b11-7bbe-4758-a6d3-501a60bba0bb
10355,057c7346-5a82-4119-a2dc-b0f769f18551
41414,057cab96-c972-418e-bd3b-ccf9ae1d8461
7400,057cbb2f-2c25-4f86-a4b0-66c8b0c90892
142234,057dda2a-268a-44eb-8e73-cee6a54cbdc4
139619,057ed6b3-1d3e-4616-aa5b-69481505aff8
28217,0580c34c-9f37-405f-b437-d846598b7355
72113,058192d1-8249-4816-8495-ee0555fa6b37
149820,0581c802-2766-4956-aed8-daee0b493c35
175750,05824537-9e1e-4a35-96a5-0a5ff8b0a8ac
13302,05875db7-5d63-4157-86e3-7e148a851b63
142857,05893daa-569a-49c1-b81b-96f299b4594f
148370,0591023f-4d7d-4959-a81d-135eeacb6604
16736,0591325d-191f-4632-a9e7-bae6fc64f120
155323,05939224-4ceb-4aaa-a219-2082a554aa22
105994,05953f79-61b7-4ffb-bd45-28d668912675
172925,05993e2f-812a-4961-b023-72a59a3361ef
71117,059a37a9-844f-4fe0-8269-974dc9c338cc
126275,059a5761-1ef4-4d37-8737-69bbe49c4e83
1664,05a04e0b-43fa-46a5-a9bf-673b20f692a3
2216,05a1b71e-d7f5-4776-9ceb-13e7aebf208b
8039,05a3c33b-42ed-46ea-9f5d-a6344143dfed
115680,05ab8f64-34bc-4843-b686-45980d9256a5
142608,05ad90c1-e9e0-46bf-8f72-34b2dabf6eb9
172685,05ad9bf7-12f0-4e70-acc5-d25d382d6d3a
145096,05ae4813-8f49-4e0f-acf4-2f163b843dc0
60115,05aeb90a-0b9f-4bd4-abe0-a260992e383c
122286,05b16175-c7f7-4a7c-85d5-fa45702bb2ca
117974,05b46b5c-7c3f-419a-ae6e-9df91a8bdd50
95965,05ba257a-e70a-4ba3-9784-2230ec7162b4
178504,05bd710c-d94a-45eb-be99-2109d58f1006
47908,05be3fec-cdec-47df-b9c2-ebc6bbf7407d
1291,05c14279-72d2-4696-a974-59a7e709e3e3
156001,05c2917a-e0a4-4c55-abac-8be0f8b213e4
168075,05c29e85-71c1-4f78-95cd-a03e68d9523c
104714,05c5464a-babb-46f9-9489-a469394f1fe0
11600,05c6f020-e754-40dd-8e16-2516faed00cc
114715,05c8656f-cb87-4545-83e9-c9810f86eeee
78119,05c874b8-6856-4d96-bd1d-8079eb365a4c
133353,05ccee57-de43-4e77-8381-253ff81f6cd5
155910,05cfc789-5e97-4c0e-86ca-4dda1a8e952c
3513,05d03999-32e5-41bc-bae5-e510c1d6b9bb
167212,05d09897-585c-4807-a724-cebec848fcb5
1788,05d451c9-0320-448c-a89d-899863987ad9
172394,05d59e44-d571-4507-8022-b429a4f97c25
168197,05d5d608-11f8-4c07-b5ad-523d807214c8
86577,05d74a77-3f30-434a-9bce-f68e98596c50
https://www.mangaupdates.com/series.html?id=127778,05d75d73-afc8-4751-9e48-85cc7526904c
124647,05daf8e4-e078-4fda-a795-7a94f37820de
146415,05e06e87-ae1e-411e-a2bf-1b3def22f5bc
166002,05e20804-3b41-4830-a1d3-a8a553a8be5a
112473,05e21132-17da-4bed-8b46-19a329211338
13077,05e41447-5317-4e3b-8e86-77206306d4b0
2127,05e61a90-210f-4680-b841-4f124f303ea0
2706,05e9b6ba-be2f-4974-b15d-29ca3cdb5d87
126369,05ebe01d-172b-4a17-af60-9e7184feb4a1
88729,05ec0988-dae8-4acf-928b-43c5f7209098
170383,05f0c39f-1ae0-403c-b521-85122d4db458
3141,05f1196e-c551-4c85-9a25-b600ab58b457
154387,05f282b4-5010-48ff-8729-90059e90de57
47339,05f3f58b-efd2-4d6d-bdf6-efd991fe5495
108150,05fad8a1-2cca-4bc9-bf98-46bfc71f8832
133357,05ff3e41-832f-43c2-ad19-000c3de3509d
130107,05ff9abc-92d1-480b-a87f-02768075fef5
89734,06013ffb-6ddf-4f9a-9ca6-82c542efc2fa
35587,06020d3e-3f5a-4d18-bc73-6d12acda0370
1685,0602920f-3407-4aa9-b41c-8768cf2f2db9
137859,06045bd7-1aee-4044-b08a-87a9cfd6234d
279,0604f907-17ea-40f5-bd44-05ec1ea23030
168657,0607ebfe-1b0e-4854-8b8b-eed76d5be62c
128363,060a5bed-c225-4a75-914e-65bd0ffe76c7
162074,060be26c-faea-4975-b4d2-3b1457cbcb57
151154,060d1dcc-6cd6-42a9-90ef-97ca507270e6
167914,060e0ad0-5d9b-45c2-b3be-bca9f06a030b
54791,060efa4f-3cfc-4555-b6a8-634d7dc84aa9
136552,060f34d5-adb3-4242-b39f-e67e15a7e3a8
