8734,0001183c-2089-48e9-96b7-d48db5f1a611
47677,000983fe-d3c1-4e66-aecf-bd207d1afa09
4172,000b5d62-21ac-470a-b16f-40f35f4c5bfe
16553,000f87d6-92fe-434d-ac76-da6ad9286acf
58313,0015dc62-5b46-469a-8138-e32a043e60f9
103623,0016f819-f9a0-482a-8df2-d735a1773b51
318,00171d76-68e9-4135-8c2b-d645deebeb82
22441,00175cdf-dc95-4eb9-aa41-4c9c86088d65
113058,001a2289-ad1a-4544-b1d8-3465dbb14a86
10882,001c5f74-c18f-4ab5-9cd6-a46455932934
116945,001f4bb7-d544-4e5a-8efc-2abc012f4e09
2520,00204d60-d5c8-486d-9dbc-868a91d27612
4220,00251b0a-d30f-4433-b20c-33eb76449f92
65317,0025e816-e52c-47da-88fe-fdd5a5170299
113411,0026cc9e-8150-4494-ba8d-50887726d974
46074,002835a6-c7e5-4ec2-a907-dbe32117b104
131683,002871dd-5d07-4204-a6fd-a33a44af2630
93573,00293f4b-8ccc-4f65-95ef-b1a0c32d5ac8
1499,002a8f9e-b2e1-4841-8745-bd3d66f252e6
101746,003097c2-c8ee-4eda-908f-7c427f417245
103965,003849a4-e249-4399-a199-34786b8ff91f
8566,003876eb-1b3e-4bed-a18d-a6ea486848ba
120907,0039eb9b-f6ee-408f-875f-7c5380232861
131685,003b5f82-1f80-4775-bef2-d5c5bc81f3c9
9123,003e1cfd-b4f9-4d66-9080-34455ac19a96
23627,003e7fbf-f047-4783-a7df-1533a2a653d4
125076,00446151-d199-45d6-8671-821db1151e6c
927,0046506d-6805-4476-879c-5b398a84ac68
119767,005143c6-d844-4e51-bd68-625cd66242c1
114742,0051e50a-e30c-4bb2-b378-c3da82463ee1
37489,0056e7a5-33fc-4aa3-97e1-6a74170c7f50
92496,00575427-0dcd-4905-b764-16f3aea8bfe4
31301,0059301b-9aa5-4dbe-98a0-a1cdde873332
47859,005b434a-f5ba-49cc-8a97-549ae4a386c6
105541,005bf9d0-afcf-4fd6-b422-3c4393ef8c23
2308,005ff962-889d-4614-82b1-630ff97e846e
44369,0069d76b-26ee-4656-a1bf-938110bca4b2
103532,006a499e-cb23-42eb-bb60-d6ad8b4bd427
5767,00710da8-d320-42e5-a76d-fa0fae6017cc
615,00719812-4db7-4a62-bd47-f91c7b2fb86c
15313,007250a2-6dec-4349-bf54-61c62581a779
107780,007ececa-e5d1-471d-9f16-a21a73481164
73939,008511cd-ffc3-4ec4-a559-a6baeb2325ed
103942,00893d86-c910-4247-b5cb-a2a0e0380012
118063,008cda8e-2c41-4c89-8c97-62bd17af0fdf
22598,00904334-01f1-4174-a81e-9170c9f54b97
68479,009917c4-ae35-4cee-b83e-47ba28f1bbcd
32017,009a2f1f-666e-43f2-b424-782daf5a00c8
79077,009b6788-48f3-4e78-975c-097f54def7ab
131051,009c62ce-6064-4409-9949-4f00ba6d593c
94749,00a28555-7446-45a4-a8e5-3df049328f37
7096,00a2a2fe-c93d-4950-9ed4-9ebdd84b1fdd
110453,00a508ea-92c3-4a75-be73-14a0415c974a
48341,00b07667-f12a-4bfc-b6c5-208b2e003a98
92834,00b5305f-7770-4338-8e61-9871e57e3193
131891,00b64b8f-cb7e-4322-9855-3669fe210ac7
3966,00ba6332-cfd9-418c-a515-eb3a54cb7292
112686,00bda9c9-f057-4e0e-9b3a-875489529a4d
18844,00c180d6-669c-444d-a515-93463250ff61
10887,00c6fa3a-b8fa-4120-a5ba-5fef268228f5
37,00c76090-a70f-4d96-a663-00c2e088ba16
32093,00cbf0db-2caa-4995-9bf5-570b6ff78eef
1175,00cf4464-60fd-49f8-97df-86c595acb45d
110487,00d27570-3fa0-415b-9eec-f4b04c353795
1994,00da3ad0-bd2d-4cc2-850c-4e61561cd176
18774,00e785b5-3a79-42fa-9d8d-8e63eb1167ab
89222,00e9b9b9-7c2a-4347-8b03-cebfa6f366a9
97176,00eab497-5360-4a3f-b616-093c79b809c4
9700,00eb5a40-9d63-44b1-9227-d0718ea8a795
73009,00f5732b-8af2-4c5a-b2bb-e42bd8b25be5
8882,00f84604-101c-4aea-96ea-ecf85d8ffa68
90627,0103c05a-187a-45d3-8282-8fd49593b32c
16251,0107ccdf-3b90-454d-9773-f0ebbada147a
17756,010a2252-bdc9-4cd4-bbcd-603cc9c3c6b2
92160,010a8606-ab4f-4e3e-82ce-17f19b02f262
85173,010a8ee8-847b-44dd-a269-9ac472e9f91a
130639,010d7f0d-c095-406f-ab2b-03ed8a5d2125
42721,010db7f3-385a-467c-afdc-1223989d23f3
112553,010f70a7-5239-4b2a-a84f-903187f58cac
37585,0110603c-92ec-463e-8d13-7651211e492e
111936,011781ed-ecda-4c75-b0b3-ea6b59bb27cb
109775,01194baf-f5c3-4258-9639-3f6b9c1b6678
10938,011a0e55-4e70-4280-8544-5426101e6ad8
19137,011a1ddc-8b09-44d1-ac5d-ab11226e6c49
98034,0123dd7a-8fb9-4004-a001-787598f93d38
86968,0123e7fc-a69f-480f-8b1c-c6e6e4136b15
1226,0127fdc7-ea80-4108-acd9-c1ff2c431d2f
1997,012c7f69-cb95-4ecc-bf59-a4986a4dc35a
81753,012e8a2a-6a01-4733-9fde-ba1926d5b7fb
10998,012eb8dd-7e06-4f58-b88a-c47a5afe1477
128551,0142cd5c-c0ea-49c6-a81c-2379587d114b
106963,014374f6-c420-4361-9ee9-93675f7e36bb
93460,0145f01c-f29b-467d-aa2e-be3487829e23
76369,0147a14c-8253-4a1e-aa19-232827893106
78477,0148ce7c-7abe-4521-9711-70687f00269f
79899,0149b6d1-b8f5-4e64-bcda-7a209554381e
131242,0149daa5-89c9-4e05-bf4f-f2440e0d2db7
4762,014b8ceb-3a47-4004-9677-4a87c6186cac
49347,014bdf36-91ed-4f37-9224-9e565dd819b1
5101,014f4e49-cd27-43ef-ac23-1633113287c4
31581,01586f0f-6bab-4984-9b55-235fb40d1505
18265,01593760-623b-49b9-a9cc-a6bd4bbe19ce
81085,015996c5-423e-47c6-8759-9c2bdf8c8e3d
112618,015bcba9-9fa5-4675-bf8c-12de897a5434
133671,01604e79-5c05-442e-993e-a5d0a870e499
60703,0170b6bb-f017-493c-bb06-bd01b3457c04
31029,017136ad-ca5e-4b50-881a-fd276610d171
26554,0176936e-eda3-4ba5-9de1-9a74d8048f24
1324,0176e6dd-a502-465d-8f43-70b6b2118276
90627,017ac572-b071-4e5c-ace1-7f60889e044c
22209,01881a54-c61d-4127-a6e0-950c31700f90
24705,01882116-3e45-4d67-b932-34f60d360086
54223,01920f2c-57f7-402e-b950-5fa8dc1c561d
1488,01939907-5f6e-4007-8a6f-220085de3d96
12964,01951f30-6134-430b-ab8f-4db21e4ad248
113668,019dd911-cd1f-4bfb-839c-642be1472ba4
70145,01a34e62-a4ef-4ca9-af94-05203367e00a
84235,01aada03-59e2-4f3f-9302-4655ec2e7016
24765,01ac8dd3-a4e1-4002-8b00-0dc4c6a42676
4797,01b012fe-95b4-48fc-b071-c5bc90bfc5a5
1129,01b6fdbc-d34e-4bd6-bad1-1a1f41fff246
111017,01b9b9f8-a480-4fba-a28f-153a198f8d07
549,01bced4a-4ce7-4309-8e98-a9fc1c89f5c6
114669,01c49237-fc9d-435c-874d-99876b3c8598
1101,01c60e88-6a8d-449b-a538-f4946070b108
11558,01c75d8b-6e6c-4118-9fb1-8742ba435959
113589,01cacd13-0c34-4154-858b-42e746986bd2
130238,01ce66cb-6011-43ac-a91f-2329c66a73e6
26967,01d12ee3-2524-43d6-87cf-5216f0d36a87
7279,01d13025-e2b2-4f6e-b45a-b57115dd56cb
123513,01d3b5f5-1809-4b41-9184-69f33aa96f18
78033,01d46dd5-a8d7-4b27-af77-3c32155e4a77
32427,01d65ea4-1f0a-4ccd-96cd-3727b8a7bc94
118797,01d9b8e6-542a-42d6-8115-b0401f86d0e8
43913,01e01102-53d1-4bdf-847b-90cfe5b6415d
113160,01e02eb8-f332-46b8-aff5-9809da058fa5
10846,01e1c180-7fb3-4715-999c-5f197bd27a8c
11623,01e6296c-9c0f-4329-8854-036aec11595b
99365,01e7e7d0-8ee3-4f61-9d60-e3871c3ee3f0
42337,01e81714-c14e-42db-b03e-808a13a24fb7
46714,01eca861-048f-465b-94cd-46fb862b4dc6
122949,01ee4e2b-4e3b-4874-a0ed-7974d33cb02e
11970,01f4082d-530f-4b84-b706-83502b6783fa
10001,01f5d236-58d7-4db0-8860-5045b0e5f52e
121612,01fce4c5-a47b-485c-9d7e-445bf52603a8
34029,01fddd87-3cfc-4bb8-b6b9-01c3f66b7cf7
11034,01ff072f-c524-46b0-bc79-e81ae84cc137
39787,01ff32eb-c886-4bd3-9b78-6eb01a157a85
20815,020094cb-ca28-4d0c-8556-3f369a68673e
116126,0201302a-9982-4047-8ce9-dae040b18718
118422,020baff7-1f49-4734-b199-c3451bc9d891
62671,020dc431-58d2-4a31-9221-b26b2dce149d
131522,020f68ad-6548-4882-ac8c-132814b7f1bb
2995,0215e52e-b0fe-4ef9-9bcf-32dd7b12084b
11577,02190e3f-e3ba-4f9c-8186-7d68d1a7043b
23905,021c2ce4-6179-4d99-8ffc-3013cd3eb784
3316,02224f3d-1927-4738-ab43-6948b5b0e966
3598,022462bb-c4c1-4885-b9a3-145ccf1db400
1696,0227d5b2-e1db-477c-9636-00c022018d86
114559,02283ca5-e1bd-448d-8852-717110da27fb
3859,0229f648-85d5-485b-add5-7c902f16b5c6
110191,022b4cea-e7c4-4458-901f-631f628cb3cd
80381,022c619c-f8d1-4b97-b142-2d7f602c2805
7715,022dcbac-54dc-4a96-9fef-91c29187b122
23857,02311077-b419-4a6f-a470-8f978a6205c5
15021,0231899c-c94f-4e05-85f6-d2b4554a633f
95060,023460bb-26e7-4c09-a3e2-a7c21254cd67
111797,023736fb-746c-4e7c-b093-f92700f49cd2
58739,0237e46f-07a8-4446-8359-6ffe97777a58
130456,0239626f-1626-4779-8ee9-f226e0c1f37b
13973,02440946-16ad-4d07-abd2-ff14a7f32060
6034,0244d403-5842-40e4-a9f5-325c07184863
100438,0245ccce-fa98-4881-b882-96a7c8552eac
20208,0252c37f-5002-473e-b3ab-7c46f545fc8f
86567,025320dc-5bb5-4be5-90ab-e30d8471503d
21615,02549615-5b8e-4c26-be81-9474a1f53eee
51293,025659a9-d380-48ac-90a5-0b82197fea13
51871,025c4e6a-4636-4c7d-a2d0-281674ad080d
87404,0260dc22-6d88-4720-90c6-c33f046e5f98
14603,02624192-5385-45cf-82f4-17ea233eb847
11653,0263b361-5288-415a-ac43-2a8bb998980c
18865,0267d3e5-fa01-4143-9e00-3c1301697fd7
67467,026a196d-4876-498e-aa9b-324ddd63c0fd
32171,026dc550-36b2-452d-9b3d-7a9063e47500
119600,026ee1e4-2dcb-483f-993f-21a5ad884468
8227,0270529a-eed5-48fc-b6f6-781c12e1d03e
35879,0272f671-0a04-4236-9852-7eddce55ed1b
63777,027b5732-ebda-430e-9e09-c6b003d82baa
39453,028240e6-d308-415d-8fc2-1e9060eb4108
336,02860cdf-1020-40f1-a23f-2025d80f6290
126853,028da74e-5242-4b8b-98c7-544f36a141f2
21096,0290d99b-9976-40e2-aaff-67e542e12c09
132635,0295d266-4870-4ea3-814b-35f9afc7a9fd
45447,0296dc0b-7635-4154-927a-33c2244c4503
3110,029c0606-410e-431d-b450-a23820a59648
3604,029cec9b-fd34-4efd-a2ac-7bd2891342ce
120696,029dce00-8b2b-44a8-9f27-36fea289f7dc
16781,029f797c-9457-488d-89b4-e3ac8e66c608
1529,02acf661-d1b0-4bb2-b56a-2549931550fa
114924,02adf3a3-210f-475a-889f-1db74c58e1f5
81189,02b25b39-9529-4516-906e-73f9687f48d6
93889,02b32a9e-bb3a-4527-92a4-70d6963b7dd6
75697,02b5f3f6-f13e-4ef2-9876-e98170ddad35
29485,02b92cb7-2af8-4861-9804-7b34b4232b40
87960,02c28b42-8f87-4121-b60c-d664e405bd6e
39659,02c712ec-ef02-45c5-a301-d963aa76d119
10207,02d1de9e-cdca-4726-b6fd-3008ee65eb83
9426,02d23572-90bd-4c2d-9ecf-fc8ee4db11b6
60115,02d3eb01-11e9-4eff-b522-fffa3ca63619
407,02d9f3f0-7cb3-4f7a-8176-b3c4d4c85623
20275,02dc0f0f-e236-45d7-800f-cf2df02170ec
48813,02df80ee-f4e9-4188-800e-4cf3334529ee
96898,02df8444-0012-4efa-9463-9f20c64771d4
67101,02dfdfbf-8b72-48c8-9854-5d44ae1ddb25
1109,02e6e17b-c7c9-4f92-8cff-5c9eb58048c2
3693,02e771ed-7a3b-4c6f-bca9-4bea426b90e3
1219,02e84544-3120-42aa-a591-6057fa87e9d1
67397,02f5dade-938a-4e5f-b05c-63ac14239e55
32233,02f624ce-2853-428a-a85f-0ebdf36e44f2
237,02f96300-7459-4d9f-9d41-c2988157623f
10579,02fbb5d6-7392-4a4e-99a5-2eadc1de9330
35577,02fd4de6-deaa-46c1-8344-6c3d280e6844
110517,02fe0520-c6c7-4d00-9e05-f3082c8dc1c5
20081,02fe9f7b-95a7-4f2b-a72f-639a55f46d33
124629,03018af6-d72d-478d-9ebe-ba6b245fb2fb
362,0305dfa7-352d-4ead-9d80-6af61ed6cc94
112753,030cbf03-a3a5-4ff7-90f2-c2c6a133d48f
33,030e6c39-7370-48c0-918e-6153e4a8828d
123968,0311b163-a021-4c27-bd26-3f83f280115f
104067,0314420c-1e7d-4796-8d11-9a6aca05ce6f
79237,031838d6-be82-4a57-a83e-6fee93fdc463
18585,03192d0a-3bcf-46ff-87b3-475dda000784
5644,031cf94d-f989-4b44-9939-c2bd426875e9
19097,0322ef6b-c09a-4d5d-a11f-8e597aaeade5
12837,032938d6-9a20-4b97-a37d-3c4f68a6c9ec
683,032c989c-1051-4891-bf91-05de7e54b360
70783,032f2724-e0f6-4af8-95c5-b3bf35fb78d0
114065,03328215-d422-4e1d-9029-07e0dd9db61f
17754,033ee7a7-d9f9-49cd-8955-30440ac8cdf5
106218,03426dd2-63c5-493e-853e-485d7c7dc9c0
115899,0342aeab-483a-4eae-8512-9817c5f64caf
1467,03445f01-f914-4251-87cd-c0712bcb1e6e
92781,0344b7df-7006-4e5b-8d16-bbe1d54c67d0
51663,034677d7-535a-4ea7-ad2e-71838ddadc30
120895,0346b0eb-d56a-4b69-af71-5cf283792372
93842,0346c2d3-9077-4150-93c1-7d6eefc2b1a9
49473,0350eeaf-acf3-4242-a0e9-32c565291974
18758,03538add-cf55-457e-a671-75f398883bd9
3685,0353f06e-dc02-4dcf-b413-5a4f9120b28f
27187,0357c851-ef9b-4c8c-81a1-cd8a903dafee
6316,0359b73e-c908-4ae8-9e7b-236c834044ca
114195,035a07ea-0308-4059-91bf-77126dfce7ba
23257,035ced67-13a3-4ae7-8342-a23d641d2869
76437,035d62cd-8540-47e7-a69b-415840d371a1
29585,036211c1-dee3-466f-b4ac-89cd64251843
39433,03622e07-ef72-478e-b114-02277b5054ee
3301,03662d57-4646-4d8d-bdaa-82c44a8d25a8
976,036766ea-5d89-4f3d-8cc4-6d7bcb128b2b
23986,0369b86e-a289-4e3d-9c10-105d4144baea
130361,036fce64-6de7-4668-b7ba-66596d32e059
124982,036fecc8-1e0b-432c-95b5-5c2758cdc00c
19292,03708800-ca65-441f-968e-b8dc33951c9a
27305,0375994e-445d-4c7c-aa05-888996ad11a7
22875,0379dce1-e895-4247-8d1b-549da5eb2c48
115693,037b2025-acbc-4937-8279-523c17dd2734
16768,037bcbef-8c37-46ec-84a7-d78a3abc17e0
121006,03833892-7cfd-44f2-9d15-6b207c771009
12471,0383555e-c252-4410-8e18-7eba6f9db0c3
22575,0385b879-b1cd-4603-8b8b-dea5b335e9b1
20290,038672d9-0e71-4d10-b3a3-04c488590e64
107500,0386ed2f-7817-4706-8e5c-360b635bcfb6
1505,038740e2-13e5-4e5c-a774-405cf9419b51
3328,038859cb-a920-4420-b5f5-43a8ca520c5d
17686,0388c95f-5093-4e57-ab9c-43fd5a80da0a
106409,0390899b-c0ae-48b3-9b4e-937ebcd9db64
112700,0390b0ce-65cf-4380-8899-cdc217383fc8
1605,03911f4a-33cd-4305-bf27-dd0c01aca7f8
26757,039826b3-835e-4fbd-a4a8-63a0069916a0
79085,039d717e-9690-47fd-944d-93161b97fbac
26334,039e7cc8-c1dd-493a-a529-1e27de819336
17836,039eef76-4446-4c01-8bdd-8b009a10c36c
4213,03a04d3d-067a-4007-ab55-f7d1f6fa63ca
94055,03a3d9fe-f12d-4683-8023-90d29cae67a9
103365,03a9d0a6-50ce-46b8-9f66-f525a6a8451b
129743,03a9fabd-7d7d-488c-a3d1-4ade66ec0142
104585,03b16158-e216-4385-8796-27ea645d74bb
21985,03b8acb9-d278-4c5d-9243-c653aa1aba3f
2022,03b9e5f9-7834-439c-96e9-b9842f702dd0
9546,03bcdcf5-1550-4ccb-9c4e-4793cb4b8380
2646,03bd0718-3e94-4016-9a8e-c320f44ab2dc
25109,03bd434b-bbbc-4fd6-8985-2324a6be08c5
43665,03bf0fb2-ae8f-4eff-93a3-a7cc7518061d
1449,03c2bd97-c26b-452a-909e-34d4210da718
46286,03c3b737-ac5e-4e58-bbf0-7c626114b589
73855,03c42f22-3397-47b5-86d6-43def0cd5e7c
118088,03c5d091-3007-4a4b-80a3-ad673dfe47ab
7448,03c6121f-fc92-4121-b9ee-bf360a094aba
94100,03c9078a-0730-4637-bb3f-339a226ae3ac
44055,03d113b6-8cb5-4980-9378-f41a28468f87
19931,03d4f67d-2142-464d-93f4-dadfcc0dc643
25077,03d50963-b105-4dc4-a413-c1bab9048491
45697,03d919cd-6ace-4516-9acd-122c203f6898
6095,03e11cfd-32c9-4873-a1d1-7f71fad05652
120793,03eee952-1a7c-406b-8998-a85b238999d9
5090,03f728da-22b2-4caa-8ec0-0ed9cb857bbc
28563,03f7d862-123a-40ea-96da-bca2eb6168b0
3780,03f8725e-40b6-44fb-b5f3-c13a702c2b02
52495,03fd9260-1313-4a54-986b-f210e0b4d925
19844,0402033b-1057-4275-bd25-7994b95cbcd8
132532,040598d9-5d22-4573-9cb9-b0aaecdc5c7f
2199,0408ebad-98ad-4e6f-8a0d-0399f21e955a
11929,040c1cce-7512-4453-824c-68f14cff5e29
68537,04107609-23b6-4b18-a46e-4df5b1d8b9b6
99312,041086e4-5120-4e3c-a811-f21938a2402a
94375,041478a2-66b2-4f88-8895-eb07bc9bb248
1515,041ecc98-6e70-4b3d-8a94-ed1245d5ba28
68983,042490eb-6186-400f-b79c-d2bd31aeaf77
75975,0424a8a4-500d-4ba1-b7cf-214ae7792136
99572,04277256-e205-4599-af71-755aab26bc89
8828,042858df-6099-43b5-89be-53d4e27ebcb5
55081,042b4389-a26d-4505-b96b-e9d5fd731f9c
66867,04329c2b-a362-499e-8fe4-123901cc5a00
8016,0432bd8c-a475-441e-865a-3489d591b593
106981,0434fdc7-fa28-4bbf-ba95-e2169369e447
111139,043660c5-5372-4be5-ac8b-c5fe5124019d
22752,0437f809-907c-4636-b04a-17f79b7c484d
26973,043a0843-49ec-43e8-a72b-bf6c2bb083a9
8296,043d7872-4e1f-41be-a271-d7e0547fa234
99417,043d7c9a-08c1-434d-8037-24d32f57831e
1707,043f3e96-1878-4978-bf33-f22751da81d1
40415,043fb287-26b7-4089-87e8-5d72e8ea6c8f
88340,0441604c-1b94-49d0-8848-a527ba3e7a3f
63847,0449364f-2306-43ba-9cd6-53901a4be263
19671,044990d2-4b23-47bd-a25d-dce9c141cd34
88080,044a058e-71af-4169-a3b7-c319c7e8d99a
72785,044b6b3f-d807-49e8-a1da-2c0de173f7c2
20857,04528b4c-bcc5-48b4-9af4-096060ad278d
6434,0452b060-349c-4422-9da1-12bafb9d6724
110457,04567cdb-1d6c-40fd-8f75-53242baa53d3
114939,04598a65-4f1f-4807-a419-d79ca7f67457
98171,045ad1b2-090a-4f65-ae8e-c785eb7f59b3
113494,045fcc56-2964-4990-a293-4eaf80d3005f
14387,04619453-a172-486a-bbcd-d1f743ca9478
1382,0467e7e6-b434-4ea5-89ee-18ff14a9da16
124603,04680398-7650-487f-b3dd-ddc381797a49
43819,04683ab2-89d9-431a-8b3e-72e23be543b7
4305,046edc6a-67c5-44ae-9afb-e789e108e170
73379,046faa25-f932-4f22-9ad1-e547b36dc2a9
75471,0473f23f-3ee4-4d85-8fe2-f97218f1ef1d
16589,047a9427-dfcb-4bb6-a6d7-f762479f22ea
93398,047b49ae-7390-44e5-8a4d-5324c928e351
123038,0483d2ef-557e-43ae-9761-2f2f0677625a
2730,0485fbf8-943c-4397-b59f-ed97e500d0b7
112087,0486e6b2-6551-4938-894a-4e7a72749b47
55969,0491bc8a-bfaf-4732-9503-3ac5c4208aba
17780,04958ebe-66ed-42bc-9d89-7fdbd50f9918
83775,0495bbd8-a25a-4603-8710-7904880e5bbb
110354,04976d19-0417-4144-9251-c9269abf0387
124145,0499fc91-fc19-434b-8e66-7dc2fd93a2d7
5807,049ccf8f-8412-4ff3-bfea-2bc64776d1ec
40813,049cd0a3-86e8-4d6b-8027-394b7757821a
58659,049dc60e-e06d-4ca3-b23c-864ecd7779a5
43287,04a2b91d-1aa8-4db6-85a7-6bbc99919670
103046,04abb0d6-70bf-452d-b1d5-eda2bd8a22a2
93602,04afa419-196a-4ba1-8b0d-7dfc48b2ba71
126292,04b35203-e080-4142-884b-e1c8bf5b3bc9
42259,04b379ed-9728-4701-b4f9-f5966944e5d9
44307,04b6cb84-d641-490a-8141-5426b15cecb9
41435,04b8ce92-a539-4d42-a326-06941a8e4d91
41631,04bb5f70-e189-4f85-ba5e-ffa01af9e3e2
74149,04bb64eb-3035-4efd-b038-5c6b4a0549d1
19762,04bca7eb-2a47-488d-a227-17dbda5371cf
19479,04bd11c5-64e0-4c06-ae8e-bae2d2f9072d
88311,04bdbebe-a045-4180-be72-45aff1d79fb8
46058,04be1816-8fba-45f8-a3d0-3ad05718e874
58193,04c06d4a-7601-4221-b9f7-5ecbb71b6e56
11370,04c1c834-0240-4f21-a628-2548f71d2dd2
16842,04c3b37c-78a2-4ac5-8336-744cf355d839
121037,04c7c56a-f4d9-484d-8e48-8a35dd38fa90
16257,04c9f2ef-1c39-4787-a003-33c02d264db0
106311,04ce410f-d9a4-4bc2-baec-b3a78fb3601e
76199,04cf9cb6-c924-4e80-98e2-a998b4b9b578
262,04d3680f-0cad-4009-a394-33fedf5ee31d
99489,04d4dcd8-c009-476e-86f5-d00ddb2057bd
54749,04d69339-a879-4608-82c0-f891b4f10e7d
2685,04d82d45-21cd-4ff4-8da3-b0f5404b87d4
3840,04d899da-c6ae-4bc5-b73b-7f621a48d32e
699,04db6969-ad71-45f9-85e8-5bcbef10c029
78,04de2b0d-431e-49f9-b5c7-7d1a54839030
83153,04e206c5-35cb-4f02-9f15-bf3f1a24986e
108582,04e40ed5-922f-4b34-bd57-2fc6c7ccdde5
132740,04e50c53-ac8b-4f3b-970b-01d078493afe
43559,04e54c8b-9d31-4868-a6ce-18b80cc1762d
87524,04e601f2-68c7-46f6-b351-fd7b219ae4f9
92235,04f1760c-37c3-4de1-8f32-ea1a93b0755a
3636,04f22916-0e69-4d58-b927-91b75dd28795
3331,04f45ed5-469d-44e0-8733-04174b6487de
50133,04f7cd48-d429-4741-b821-5689d316ac1c
103815,04fe6d31-460f-41f3-b56a-5e4f7659afa5
2157,04fe7b0d-a5f2-4ee5-b652-32d33abd76a2
19961,050333a3-2c1c-4b74-8b8a-628b20ccd76a
79667,0504da67-e636-4b3e-ab9b-48e8d4264fc6
5362,05052483-2aba-457a-9750-eae7eac9b895
98699,0509eb8e-e129-4b08-9398-5bf5198af9c4
51501,050ed1ea-bf98-4612-804a-1e045b90b0f0
16377,0510e3fc-a693-4fb5-ae09-80e63df31f5c
51429,0511551c-c6fb-41e0-9731-97245cc58e16
3170,0515dcf5-c6e3-40e6-8654-3dd5d61be4eb
115366,05181bf1-4b76-4d45-8f55-2d7c28416994
13199,051a71f8-355f-4426-aac1-56b68fb14ddd
495,051aa32b-07a7-40b3-a1d7-ae96b7fe02de
121038,051bf194-9f3f-47b8-a5f5-95d4678796e3
131446,051ce60f-bf16-432a-89a5-a8d52bd16de6
120329,051e6a66-7373-4583-98b6-b746153041e9
10774,051ecde7-f728-4e4f-ab4d-5589a1f07d45
86758,051f3400-6e8b-4b60-8679-da219d49d9ff
6916,05218715-dbc7-44f2-ae3a-1447695bdd03
28029,05255927-1470-47c5-9e71-8ad6fa760824
17040,052a2c6b-e910-4b30-848f-0ffd341998a6
7403,052b1d84-519f-4174-980c-9e4cbcb5e366
101257,052dd24e-5362-48f6-b1ef-b7a6e1afeb5d
134906,0531e50a-78b2-4e79-8e8d-c0796493dcd2
114979,0535f0ef-b7e7-41d0-9828-b711644a656b
105899,0536c8e4-6d40-4936-a4df-80ade9ca7396
75723,053876c4-5042-4536-a063-3da2e8b4a998
47581,053dc17d-0406-4b0c-aeac-923fa24f3695
37619,05424f5a-6278-40ca-a319-631bdef6c0d3
113782,0545097b-c325-4dc3-a619-cedce793dc61
13634,05465a70-d731-4021-863a-089acd9f0061
3332,0548abc8-ded2-4ece-96d8-b16ff5a709ff
97374,0551a84a-924c-4965-9af3-5cb31ba8b4b8
3981,0553551f-1bbf-4d53-9fb0-cf7cfee152c4
121324,05634c01-7f94-464b-9672-0b13ad06e871
86417,05667b38-4ba4-483c-9324-5d386015e022
87712,0566b133-c2dd-4e87-86ef-915050d1eec3
11056,05679d0e-03df-498f-a251-625d387d0efd
90280,056915a8-4320-4d57-9c48-9ec6abf7aec9
97328,05694d77-ecaf-4dba-b5e0-165f062439f0
4370,056c33c6-bea0-4d89-9f2b-3d35c1da96b3
2386,0572560e-b1d3-4c45-a5aa-46f331645c22
98107,0574e1e3-6c8e-41d7-bd8e-2499ab559876
27741,0577dcca-7326-4896-a727-2b86fa73da05
16806,057b9b11-7bbe-4758-a6d3-501a60bba0bb
3875,057c7346-5a82-4119-a2dc-b0f769f18551
40355,057cab96-c972-418e-bd3b-ccf9ae1d8461
14161,057cbb2f-2c25-4f86-a4b0-66c8b0c90892
109865,057dda2a-268a-44eb-8e73-cee6a54cbdc4
107953,057ed6b3-1d3e-4616-aa5b-69481505aff8
33581,057f5360-c37c-4619-a6a4-cb5aea7f5f6a
32733,058192d1-8249-4816-8495-ee0555fa6b37
114822,0581c802-2766-4956-aed8-daee0b493c35
3099,05875db7-5d63-4157-86e3-7e148a851b63
114406,0591023f-4d7d-4959-a81d-135eeacb6604
8872,0591325d-191f-4632-a9e7-bae6fc64f120
63043,05953f79-61b7-4ffb-bd45-28d668912675
31313,059a37a9-844f-4fe0-8269-974dc9c338cc
104863,059a5761-1ef4-4d37-8737-69bbe49c4e83
10652,05a04e0b-43fa-46a5-a9bf-673b20f692a3
5097,05a3c33b-42ed-46ea-9f5d-a6344143dfed
113671,05ab8f64-34bc-4843-b686-45980d9256a5
89544,05b16175-c7f7-4a7c-85d5-fa45702bb2ca
49949,05ba257a-e70a-4ba3-9784-2230ec7162b4
134339,05bd710c-d94a-45eb-be99-2109d58f1006
9714,05c14279-72d2-4696-a974-59a7e709e3e3
129871,05c29e85-71c1-4f78-95cd-a03e68d9523c
90973,05c5464a-babb-46f9-9489-a469394f1fe0
3831,05c6f020-e754-40dd-8e16-2516faed00cc
68099,05c8656f-cb87-4545-83e9-c9810f86eeee
40197,05c874b8-6856-4d96-bd1d-8079eb365a4c
99106,05ccee57-de43-4e77-8381-253ff81f6cd5
6085,05d03999-32e5-41bc-bae5-e510c1d6b9bb
1892,05d451c9-0320-448c-a89d-899863987ad9
43591,05d74a77-3f30-434a-9bce-f68e98596c50
121618,05e06e87-ae1e-411e-a2bf-1b3def22f5bc
76341,05e21132-17da-4bed-8b46-19a329211338
11563,05e41447-5317-4e3b-8e86-77206306d4b0
460,05e61a90-210f-4680-b841-4f124f303ea0
4572,05e9b6ba-be2f-4974-b15d-29ca3cdb5d87
93120,05ebe01d-172b-4a17-af60-9e7184feb4a1
46006,05ec0988-dae8-4acf-928b-43c5f7209098
10072,05f1196e-c551-4c85-9a25-b600ab58b457
122649,05f282b4-5010-48ff-8729-90059e90de57
17234,05f3f58b-efd2-4d6d-bdf6-efd991fe5495
108601,05ff3e41-832f-43c2-ad19-000c3de3509d
96405,05ff9abc-92d1-480b-a87f-02768075fef5
11599,06020d3e-3f5a-4d18-bc73-6d12acda0370
2431,0602920f-3407-4aa9-b41c-8768cf2f2db9
110307,06045bd7-1aee-4044-b08a-87a9cfd6234d
1498,0604f907-17ea-40f5-bd44-05ec1ea23030
28361,060efa4f-3cfc-4555-b6a8-634d7dc84aa9
